"room_type","price","minimum_nights","number_of_reviews","reviews_per_month","calculated_host_listings_count","availability_365"
"Entire home/apt",100,30,92,0.64,2,319
"Other",66,1,67,0.47,7,0
"Other",45,2,68,0.51,2,82
"Entire home/apt",110,30,60,0.42,1,292
"Other",68,7,57,0.41,3,57
"Entire home/apt",83,2,784,5.58,2,55
"Entire home/apt",219,30,24,0.18,2,157
"Entire home/apt",285,1,6,0.04,1,241
"Entire home/apt",159,2,47,0.36,1,365
"Entire home/apt",138,2,370,2.75,3,78
"Entire home/apt",154,1,701,6.6,1,285
"Entire home/apt",171,30,134,1,1,177
"Entire home/apt",160,30,130,2.04,1,153
"Other",58,2,249,2.02,2,362
"Other",63,1,1109,8.5,2,0
"Other",249,2,14,0.13,7,317
"Entire home/apt",95,1,100,0.81,1,0
"Entire home/apt",80,30,315,2.46,1,230
"Entire home/apt",253,2,536,4.21,1,289
"Entire home/apt",198,2,125,1.01,1,364
"Entire home/apt",95,3,930,7.87,3,286
"Entire home/apt",151,2,37,0.3,1,121
"Other",77,2,631,5.05,1,169
"Entire home/apt",257,30,161,1.32,2,345
"Entire home/apt",151,2,163,1.31,1,365
"Entire home/apt",130,30,78,0.63,1,260
"Entire home/apt",105,2,261,2.15,2,255
"Entire home/apt",174,2,662,5.35,2,230
"Other",84,2,318,2.62,1,175
"Entire home/apt",95,30,264,2.19,3,69
"Entire home/apt",85,2,104,0.86,2,297
"Entire home/apt",95,2,92,0.76,1,344
"Entire home/apt",60,30,498,4.16,1,156
"Entire home/apt",100,31,0,0,1,297
"Entire home/apt",146,2,93,1.57,3,10
"Other",79,1,124,1.06,1,359
"Entire home/apt",141,2,139,1.15,1,273
"Entire home/apt",85,2,17,0.14,1,0
"Entire home/apt",195,3,27,0.23,2,308
"Other",70,30,39,0.33,1,335
"Entire home/apt",89,2,126,1.59,1,48
"Other",199,2,5,0.06,7,308
"Entire home/apt",79,30,225,1.89,3,27
"Other",90,2,279,2.36,1,269
"Entire home/apt",275,3,161,1.37,3,280
"Entire home/apt",200,7,55,0.5,2,148
"Entire home/apt",130,2,123,1.04,2,332
"Other",96,2,483,4.23,9,325
"Entire home/apt",250,3,91,0.79,1,0
"Entire home/apt",109,2,78,3.18,1,251
"Entire home/apt",128,2,387,3.41,1,160
"Entire home/apt",50,29,222,1.95,2,245
"Entire home/apt",135,90,146,1.31,2,88
"Entire home/apt",99,2,387,4.33,1,150
"Other",65,28,36,0.32,1,353
"Entire home/apt",126,1,722,6.35,3,77
"Other",99,1,1079,9.6,1,324
"Entire home/apt",156,2,337,3,1,277
"Entire home/apt",225,60,195,1.74,3,16
"Entire home/apt",85,180,12,0.11,1,365
"Entire home/apt",775,2,40,0.36,5,9
"Entire home/apt",83,30,157,1.41,1,351
"Entire home/apt",133,1,360,3.24,1,215
"Entire home/apt",99,2,623,5.66,2,360
"Entire home/apt",145,1,325,2.95,2,307
"Entire home/apt",225,1,411,3.72,2,241
"Other",46,1,873,7.98,3,27
"Other",50,1,1196,10.93,3,66
"Entire home/apt",209,2,253,2.99,1,117
"Entire home/apt",81,29,22,0.23,1,213
"Entire home/apt",150,30,0,0,2,365
"Entire home/apt",80,30,77,0.71,1,168
"Entire home/apt",117,2,326,3.03,1,58
"Other",59,2,201,1.86,1,314
"Entire home/apt",145,2,328,3.03,2,320
"Entire home/apt",236,4,3,0.03,1,9
"Entire home/apt",361,3,71,0.66,5,0
"Other",76,3,53,0.49,1,0
"Entire home/apt",286,3,201,1.94,1,279
"Entire home/apt",124,2,346,3.22,1,253
"Entire home/apt",165,1,194,1.84,1,46
"Entire home/apt",95,1,487,4.6,2,353
"Other",186,2,214,2.01,1,336
"Entire home/apt",78,1,408,4.14,2,240
"Other",56,1,246,2.3,2,212
"Entire home/apt",280,2,274,2.66,2,216
"Entire home/apt",85,1,495,4.67,1,143
"Other",72,1,442,4.21,1,0
"Entire home/apt",240,2,102,1.02,2,273
"Entire home/apt",119,2,365,3.52,4,110
"Other",54,30,33,0.31,4,363
"Other",58,30,54,0.53,4,353
"Entire home/apt",75,2,301,2.86,1,131
"Entire home/apt",114,1,312,3.12,2,311
"Entire home/apt",41,1,530,5.54,2,261
"Entire home/apt",200,30,76,0.73,2,115
"Entire home/apt",75,90,160,1.55,1,243
"Entire home/apt",77,30,504,4.89,2,5
"Entire home/apt",45,30,2,0.02,4,343
"Entire home/apt",210,2,155,1.56,2,295
"Entire home/apt",124,2,164,2.14,1,43
"Entire home/apt",93,30,63,0.63,1,46
"Entire home/apt",225,3,266,2.6,1,302
"Entire home/apt",150,1,604,5.94,1,2
"Entire home/apt",206,3,124,1.29,3,290
"Entire home/apt",236,2,107,1.08,1,267
"Entire home/apt",49,30,1,0.01,1,310
"Other",99,2,193,2.2,1,0
"Entire home/apt",200,1,280,2.79,1,249
"Entire home/apt",128,1,199,2,1,334
"Entire home/apt",75,28,108,1.07,1,216
"Entire home/apt",143,1,458,4.6,3,129
"Entire home/apt",103,2,227,2.3,2,363
"Entire home/apt",68,2,334,3.87,1,298
"Entire home/apt",107,1,325,3.25,1,2
"Entire home/apt",263,4,139,1.43,1,323
"Entire home/apt",132,2,13,3.42,1,151
"Other",70,2,74,1.33,2,30
"Entire home/apt",107,1,926,9.33,1,275
"Entire home/apt",135,2,149,1.51,1,178
"Entire home/apt",102,1,121,1.23,1,49
"Other",57,2,295,2.98,9,309
"Other",85,1,336,3.46,2,19
"Entire home/apt",162,1,117,1.2,4,337
"Entire home/apt",159,5,83,0.84,1,183
"Entire home/apt",76,2,264,2.71,1,69
"Entire home/apt",98,1,692,7.03,2,309
"Entire home/apt",68,1,274,2.79,6,58
"Entire home/apt",65,30,25,0.26,2,183
"Other",87,1,363,3.69,9,325
"Entire home/apt",73,28,189,1.95,2,352
"Entire home/apt",325,1,26,0.5,2,279
"Other",43,2,280,2.86,1,168
"Entire home/apt",205,3,225,2.32,3,176
"Entire home/apt",203,1,243,2.51,1,32
"Entire home/apt",125,2,276,2.83,1,252
"Entire home/apt",102,2,164,1.69,1,111
"Other",28,1,104,1.08,7,356
"Other",66,1,77,0.79,7,350
"Entire home/apt",108,30,0,0,1,290
"Other",61,2,163,1.68,2,356
"Other",95,1,361,3.71,9,321
"Entire home/apt",65,30,144,1.5,1,113
"Entire home/apt",96,2,443,4.57,1,337
"Entire home/apt",300,3,39,0.75,3,216
"Entire home/apt",95,3,76,0.79,1,0
"Entire home/apt",103,5,138,1.44,3,160
"Other",133,1,182,1.9,4,0
"Other",70,2,48,0.59,1,88
"Entire home/apt",225,21,34,0.36,2,37
"Entire home/apt",175,5,69,0.72,1,13
"Entire home/apt",103,2,393,4.12,1,52
"Entire home/apt",110,3,340,3.57,3,334
"Entire home/apt",98,2,404,4.25,2,142
"Entire home/apt",214,1,142,1.52,1,0
"Entire home/apt",85,2,319,3.35,1,0
"Entire home/apt",91,7,105,1.1,3,162
"Entire home/apt",93,2,233,3.96,1,227
"Entire home/apt",62,30,6,0.06,3,330
"Entire home/apt",82,28,5,0.05,3,362
"Entire home/apt",112,1,721,7.63,2,306
"Entire home/apt",75,60,17,0.18,1,132
"Entire home/apt",285,2,9,0.57,1,15
"Other",60,30,21,0.23,4,344
"Entire home/apt",450,2,176,1.88,1,246
"Entire home/apt",103,2,396,4.18,1,234
"Entire home/apt",200,4,26,0.31,2,278
"Other",87,2,57,0.61,1,119
"Entire home/apt",199,1,393,4.19,1,237
"Entire home/apt",396,2,50,0.53,1,183
"Entire home/apt",68,1,376,4.02,1,92
"Entire home/apt",68,30,6,0.06,3,148
"Entire home/apt",93,1,555,5.89,1,171
"Entire home/apt",93,1,63,0.67,1,364
"Entire home/apt",157,2,248,2.66,1,147
"Entire home/apt",98,30,201,2.15,1,309
"Entire home/apt",84,30,64,0.69,1,63
"Other",73,1,230,2.46,1,53
"Other",371,2,57,0.62,2,365
"Entire home/apt",240,2,423,4.55,3,291
"Entire home/apt",150,2,270,2.88,1,315
"Entire home/apt",250,2,180,1.93,1,288
"Entire home/apt",70,28,232,2.69,1,199
"Entire home/apt",234,3,5,0.14,1,337
"Entire home/apt",165,2,114,1.22,1,352
"Entire home/apt",128,1,587,6.37,2,330
"Entire home/apt",126,1,398,4.29,1,179
"Entire home/apt",179,2,322,3.71,1,0
"Entire home/apt",230,3,81,0.92,1,108
"Other",99,2,59,0.95,1,254
"Entire home/apt",124,2,276,3.04,3,232
"Entire home/apt",60,30,12,0.16,1,0
"Entire home/apt",134,3,252,2.93,2,63
"Entire home/apt",249,3,25,0.28,1,194
"Entire home/apt",311,2,144,1.63,2,345
"Entire home/apt",225,2,88,1.88,3,68
"Other",43,1,116,1.33,3,0
"Entire home/apt",125,2,371,4.27,1,307
"Entire home/apt",114,2,77,0.87,3,289
"Entire home/apt",195,2,39,0.45,1,340
"Other",77,1,76,0.89,1,365
"Entire home/apt",87,1,271,3.08,1,61
"Entire home/apt",94,1,323,4.4,1,145
"Entire home/apt",155,2,179,2.05,2,326
"Entire home/apt",117,3,328,3.79,1,332
"Entire home/apt",146,5,132,1.54,2,187
"Entire home/apt",125,2,101,1.42,1,0
"Other",130,2,111,1.26,1,365
"Other",78,2,85,0.96,1,65
"Entire home/apt",149,2,294,3.63,1,255
"Entire home/apt",199,7,65,0.74,1,145
"Entire home/apt",117,1,428,4.84,4,0
"Entire home/apt",97,2,235,2.81,2,326
"Entire home/apt",225,2,119,1.35,2,11
"Entire home/apt",178,2,178,2.52,1,35
"Entire home/apt",145,2,74,0.84,2,327
"Entire home/apt",142,2,316,3.76,1,299
"Entire home/apt",90,30,9,0.1,3,110
"Entire home/apt",97,2,281,3.27,2,332
"Entire home/apt",220,2,217,2.49,2,349
"Entire home/apt",75,30,37,0.42,3,264
"Entire home/apt",240,2,190,2.29,1,293
"Entire home/apt",100,30,25,0.29,1,93
"Entire home/apt",306,3,23,0.27,1,318
"Other",76,3,222,2.89,1,15
"Other",48,2,118,1.35,3,0
"Entire home/apt",327,3,110,1.3,1,301
"Entire home/apt",425,2,99,1.15,1,146
"Entire home/apt",143,1,616,7.18,1,316
"Entire home/apt",112,2,505,5.81,8,191
"Other",69,2,69,1.23,2,189
"Other",40,30,47,0.54,2,0
"Entire home/apt",212,1,562,6.59,6,179
"Other",119,2,11,0.13,1,177
"Other",72,1,125,1.73,1,91
"Entire home/apt",116,2,294,3.45,1,160
"Entire home/apt",200,5,23,0.27,1,0
"Entire home/apt",54,30,163,1.92,1,80
"Entire home/apt",102,2,283,3.29,1,84
"Entire home/apt",96,3,273,3.36,1,244
"Entire home/apt",220,2,257,2.99,2,344
"Entire home/apt",135,2,275,3.52,1,160
"Entire home/apt",109,2,111,1.34,1,8
"Entire home/apt",70,2,303,3.51,3,339
"Entire home/apt",46,30,155,1.81,2,105
"Other",28,1,97,1.12,7,365
"Entire home/apt",126,1,638,7.53,4,256
"Entire home/apt",162,3,137,1.61,2,157
"Entire home/apt",112,3,256,3.05,1,152
"Entire home/apt",145,3,62,0.73,1,0
"Entire home/apt",133,1,648,7.62,3,79
"Other",80,2,64,0.75,2,0
"Entire home/apt",135,3,10,0.12,1,331
"Entire home/apt",156,2,195,2.4,1,296
"Entire home/apt",112,2,266,3.14,3,78
"Entire home/apt",96,1,160,1.89,1,360
"Entire home/apt",87,1,166,1.95,1,79
"Entire home/apt",166,2,93,1.1,1,172
"Entire home/apt",176,2,300,3.54,3,120
"Entire home/apt",40,30,111,1.31,1,93
"Entire home/apt",158,1,167,1.97,4,352
"Entire home/apt",74,30,32,0.38,2,180
"Entire home/apt",162,1,151,1.77,4,344
"Entire home/apt",93,1,274,3.3,2,18
"Entire home/apt",85,2,321,3.86,2,157
"Other",108,2,84,1,9,318
"Entire home/apt",207,2,113,1.33,1,278
"Other",72,1,412,4.86,4,0
"Entire home/apt",151,3,146,1.77,1,353
"Entire home/apt",88,2,244,3.24,1,261
"Entire home/apt",125,30,19,0.23,3,298
"Entire home/apt",125,3,189,2.24,1,0
"Entire home/apt",165,3,151,3.17,1,292
"Entire home/apt",149,30,52,0.62,1,177
"Entire home/apt",216,2,116,1.4,1,192
"Entire home/apt",151,30,28,0.34,3,0
"Entire home/apt",121,2,43,0.51,1,144
"Entire home/apt",80,30,8,0.13,2,282
"Entire home/apt",55,30,7,0.08,1,125
"Entire home/apt",119,1,647,7.72,4,255
"Entire home/apt",119,30,22,0.26,1,254
"Entire home/apt",115,2,468,5.62,1,314
"Entire home/apt",40,1,603,7.42,1,53
"Entire home/apt",104,2,213,2.62,1,345
"Entire home/apt",86,2,144,1.73,1,0
"Other",155,2,71,0.95,1,55
"Entire home/apt",175,2,215,2.6,1,139
"Entire home/apt",186,2,297,3.62,1,46
"Other",62,2,165,2,2,363
"Other",53,2,237,2.98,1,72
"Entire home/apt",190,1,455,5.57,7,200
"Entire home/apt",132,2,153,2,1,41
"Entire home/apt",271,1,322,4.3,1,155
"Entire home/apt",110,1,123,1.49,1,166
"Entire home/apt",126,2,225,2.76,1,245
"Entire home/apt",120,2,348,4.26,1,92
"Entire home/apt",160,2,475,5.78,1,293
"Entire home/apt",112,2,377,4.69,1,53
"Entire home/apt",92,3,335,4.11,1,140
"Other",114,1,178,2.37,9,278
"Entire home/apt",220,2,248,3.04,1,356
"Other",47,1,142,1.74,3,0
"Other",97,1,14,0.17,5,0
"Other",105,1,63,0.77,2,90
"Entire home/apt",275,2,15,0.18,2,277
"Entire home/apt",79,1,82,1.01,3,0
"Entire home/apt",116,2,154,1.89,2,298
"Entire home/apt",132,6,28,0.35,1,204
"Entire home/apt",109,1,271,3.34,1,0
"Entire home/apt",114,1,341,4.21,1,93
"Entire home/apt",174,30,30,0.37,2,146
"Other",59,2,141,1.74,1,117
"Entire home/apt",150,30,50,0.62,1,178
"Entire home/apt",295,2,46,0.58,1,355
"Entire home/apt",189,30,72,0.9,1,344
"Entire home/apt",264,2,143,1.78,1,139
"Entire home/apt",125,2,231,2.85,9,353
"Entire home/apt",100,1,592,7.53,1,334
"Entire home/apt",54,30,11,0.2,1,297
"Entire home/apt",82,2,305,3.77,2,5
"Entire home/apt",118,2,254,3.16,3,252
"Entire home/apt",79,28,58,0.72,1,231
"Entire home/apt",130,2,404,5.02,3,337
"Other",40,28,18,0.23,1,244
"Entire home/apt",86,1,468,5.79,1,39
"Entire home/apt",108,2,320,4.47,1,165
"Entire home/apt",137,2,414,5.16,1,338
"Other",100,7,36,0.46,1,0
"Entire home/apt",100,3,107,1.33,5,354
"Entire home/apt",127,3,53,0.67,1,324
"Entire home/apt",125,3,126,1.58,1,180
"Other",138,2,433,5.44,1,76
"Entire home/apt",139,3,123,1.54,1,0
"Entire home/apt",39,30,1,0.01,1,0
"Entire home/apt",351,3,49,0.61,1,244
"Entire home/apt",138,2,272,3.41,2,166
"Entire home/apt",144,2,211,2.66,9,349
"Entire home/apt",98,2,511,6.4,2,148
"Entire home/apt",92,2,72,1,2,23
"Other",88,3,38,0.48,4,0
"Entire home/apt",112,2,115,1.62,2,169
"Entire home/apt",105,2,150,1.89,1,233
"Entire home/apt",196,2,384,4.88,6,60
"Entire home/apt",133,2,179,2.26,1,147
"Entire home/apt",78,28,31,0.39,1,162
"Other",97,5,31,0.39,4,166
"Entire home/apt",102,2,195,2.59,1,68
"Entire home/apt",52,30,80,1.02,3,185
"Entire home/apt",289,3,99,1.57,2,314
"Entire home/apt",96,2,116,1.97,1,163
"Entire home/apt",123,2,84,1.09,1,354
"Entire home/apt",114,2,219,2.81,2,172
"Entire home/apt",253,2,319,4.09,1,310
"Other",90,2,117,1.51,1,0
"Other",80,2,111,1.48,1,331
"Entire home/apt",164,2,39,0.54,1,0
"Entire home/apt",120,30,2,0.04,1,186
"Entire home/apt",147,2,80,3.39,1,142
"Other",53,1,211,2.79,2,68
"Other",78,1,678,8.72,1,29
"Entire home/apt",193,1,346,4.49,1,153
"Entire home/apt",128,2,66,3.07,1,0
"Entire home/apt",193,2,61,1.39,4,347
"Entire home/apt",516,2,57,0.77,51,312
"Entire home/apt",145,2,36,0.48,51,323
"Entire home/apt",346,2,67,0.88,51,310
"Entire home/apt",234,2,385,4.98,10,256
"Entire home/apt",121,2,63,0.82,1,110
"Entire home/apt",132,1,275,3.57,9,345
"Other",95,1,174,2.3,1,24
"Entire home/apt",119,1,120,1.55,2,0
"Entire home/apt",94,1,639,8.35,2,319
"Entire home/apt",143,3,311,4.04,1,242
"Entire home/apt",174,2,496,6.48,2,251
"Entire home/apt",345,2,14,0.22,1,291
"Entire home/apt",85,1,423,5.53,1,147
"Entire home/apt",157,3,153,2.03,1,136
"Entire home/apt",286,1,266,3.52,1,331
"Entire home/apt",225,2,263,3.49,2,132
"Entire home/apt",69,30,16,0.39,2,303
"Other",106,2,194,2.7,1,144
"Other",66,2,317,4.16,2,38
"Entire home/apt",624,2,68,0.96,51,340
"Entire home/apt",369,3,199,2.64,4,302
"Entire home/apt",97,2,432,5.69,1,47
"Other",150,20,1,0.01,3,70
"Entire home/apt",249,2,137,1.85,3,347
"Entire home/apt",69,2,293,3.86,2,81
"Entire home/apt",59,2,165,2.2,2,0
"Other",89,1,206,3.3,1,70
"Entire home/apt",149,4,2,0.03,1,0
"Entire home/apt",210,3,85,3.55,1,120
"Entire home/apt",105,2,378,5.01,1,344
"Entire home/apt",97,1,595,7.99,1,354
"Entire home/apt",120,1,328,4.32,9,333
"Entire home/apt",63,1,164,2.18,1,359
"Entire home/apt",142,2,259,3.51,1,294
"Other",121,2,357,4.75,3,68
"Other",156,2,325,4.32,3,80
"Entire home/apt",237,2,43,0.58,2,359
"Entire home/apt",132,2,370,4.9,2,354
"Entire home/apt",91,28,32,0.46,1,352
"Entire home/apt",109,28,208,2.84,1,8
"Other",117,2,49,0.67,1,154
"Entire home/apt",169,2,116,1.56,1,172
"Entire home/apt",156,3,75,1.01,1,0
"Other",114,1,25,0.34,9,287
"Other",114,1,55,0.76,9,287
"Other",114,1,22,0.3,9,288
"Other",114,1,62,0.84,9,286
"Entire home/apt",201,1,145,2.08,1,102
"Entire home/apt",131,3,335,4.5,1,68
"Other",114,1,100,1.45,9,288
"Other",76,1,173,2.33,1,86
"Other",114,1,178,2.4,9,274
"Other",114,1,107,1.45,9,279
"Entire home/apt",132,60,2,0.1,1,101
"Entire home/apt",85,2,80,1.08,1,0
"Entire home/apt",156,2,200,2.71,1,225
"Entire home/apt",78,1,248,3.5,1,346
"Entire home/apt",103,2,421,5.65,1,343
"Entire home/apt",95,2,205,2.91,1,47
"Entire home/apt",287,2,196,2.66,1,312
"Entire home/apt",54,30,15,0.34,2,214
"Entire home/apt",550,2,87,1.21,1,40
"Entire home/apt",166,2,80,1.1,2,358
"Other",106,1,116,1.57,3,360
"Entire home/apt",111,1,292,3.95,9,163
"Other",106,1,108,1.46,3,362
"Entire home/apt",97,2,349,4.73,1,115
"Entire home/apt",479,2,144,2,1,350
"Entire home/apt",73,1,294,4.01,2,151
"Entire home/apt",176,2,193,2.65,3,340
"Entire home/apt",150,30,17,0.23,1,352
"Entire home/apt",80,1,446,6.2,1,83
"Entire home/apt",131,2,268,3.67,1,241
"Entire home/apt",501,3,181,2.49,1,304
"Entire home/apt",75,30,7,0.2,1,316
"Entire home/apt",99,2,206,2.84,3,166
"Entire home/apt",180,2,138,1.92,1,0
"Entire home/apt",76,1,395,5.43,1,4
"Other",250,2,3,0.04,1,0
"Entire home/apt",198,2,114,1.57,1,221
"Entire home/apt",110,1,319,4.4,9,337
"Entire home/apt",159,2,6,0.15,1,177
"Entire home/apt",86,2,213,3,1,135
"Entire home/apt",175,2,128,1.77,1,55
"Entire home/apt",123,2,165,2.29,1,342
"Entire home/apt",49,1,179,2.49,1,227
"Entire home/apt",128,1,128,1.94,1,59
"Other",79,1,157,2.2,1,245
"Entire home/apt",649,3,56,0.91,1,303
"Other",79,2,133,1.88,1,0
"Entire home/apt",316,2,177,2.49,1,228
"Entire home/apt",145,2,219,3.09,1,336
"Entire home/apt",139,2,33,0.47,43,324
"Entire home/apt",119,2,149,2.1,1,0
"Entire home/apt",175,3,78,1.14,2,0
"Entire home/apt",85,30,7,0.23,1,297
"Entire home/apt",102,1,131,1.97,3,9
"Entire home/apt",132,1,401,5.76,1,284
"Entire home/apt",157,2,320,4.48,10,259
"Entire home/apt",88,2,212,2.99,1,252
"Entire home/apt",97,3,157,2.2,1,72
"Entire home/apt",114,2,195,2.75,1,153
"Entire home/apt",89,1,168,2.4,2,19
"Entire home/apt",132,1,401,5.62,1,305
"Entire home/apt",179,3,29,0.41,1,0
"Entire home/apt",223,2,222,3.2,2,126
"Entire home/apt",156,1,406,5.74,1,330
"Entire home/apt",113,3,183,2.58,1,171
"Entire home/apt",242,2,30,0.43,1,13
"Entire home/apt",86,2,265,3.86,1,169
"Entire home/apt",125,3,110,1.59,3,1
"Entire home/apt",55,30,9,0.15,4,180
"Entire home/apt",112,3,347,4.89,1,6
"Entire home/apt",76,1,365,5.16,1,230
"Entire home/apt",181,2,192,2.76,2,137
"Entire home/apt",163,1,185,2.68,1,62
"Entire home/apt",72,1,238,3.36,1,357
"Entire home/apt",76,2,341,4.81,1,137
"Entire home/apt",360,30,0,0,1,253
"Entire home/apt",99,2,335,4.79,2,242
"Entire home/apt",80,3,88,1.27,1,179
"Other",56,2,101,1.46,2,290
"Entire home/apt",409,4,65,0.96,11,276
"Entire home/apt",300,3,62,0.98,43,340
"Entire home/apt",209,3,227,3.28,2,241
"Entire home/apt",109,2,299,4.26,1,134
"Entire home/apt",121,2,327,4.64,1,165
"Entire home/apt",95,2,101,1.47,1,174
"Entire home/apt",99,2,135,1.92,1,144
"Entire home/apt",350,2,187,2.7,1,321
"Entire home/apt",90,1,106,1.51,2,266
"Entire home/apt",132,2,170,2.45,1,232
"Entire home/apt",116,2,284,4.1,1,47
"Entire home/apt",196,2,84,1.85,1,158
"Entire home/apt",55,30,17,0.25,1,282
"Entire home/apt",78,2,363,5.16,1,340
"Entire home/apt",122,3,408,5.81,2,235
"Entire home/apt",130,1,158,2.31,1,0
"Entire home/apt",123,2,234,3.39,1,137
"Entire home/apt",143,2,176,2.51,1,71
"Entire home/apt",89,30,124,1.79,1,127
"Entire home/apt",168,3,216,3.09,1,0
"Entire home/apt",200,30,30,0.45,1,119
"Entire home/apt",138,1,59,0.85,1,0
"Entire home/apt",219,2,237,3.42,2,163
"Entire home/apt",104,2,214,3.08,1,323
"Entire home/apt",129,2,217,3.35,3,39
"Other",78,2,61,0.89,2,336
"Other",56,1,167,2.39,4,15
"Entire home/apt",205,2,30,0.43,1,56
"Entire home/apt",73,2,221,3.18,2,162
"Entire home/apt",141,2,252,3.64,2,329
"Entire home/apt",130,2,260,3.75,1,296
"Other",57,1,28,0.45,2,310
"Entire home/apt",65,2,533,7.69,1,246
"Entire home/apt",203,2,27,0.42,51,347
"Entire home/apt",195,10,28,0.5,4,0
"Other",70,2,213,3.08,2,0
"Entire home/apt",98,2,153,2.21,1,338
"Other",26,2,123,1.78,2,0
"Entire home/apt",340,3,172,2.56,2,267
"Entire home/apt",89,1,101,1.47,2,177
"Entire home/apt",99,1,240,3.48,5,337
"Entire home/apt",92,30,222,3.64,1,108
"Entire home/apt",144,30,102,1.49,1,184
"Other",250,3,1,0.02,1,0
"Entire home/apt",411,3,219,3.27,2,259
"Entire home/apt",70,2,143,2.1,1,155
"Other",34,21,11,0.27,2,102
"Entire home/apt",132,2,467,6.78,1,138
"Entire home/apt",115,2,150,2.19,1,348
"Entire home/apt",82,1,257,3.78,1,52
"Entire home/apt",100,2,60,0.88,1,70
"Entire home/apt",95,1,13,0.19,5,90
"Entire home/apt",260,2,38,0.62,43,338
"Entire home/apt",138,5,13,0.21,1,268
"Entire home/apt",99,2,385,5.65,2,105
"Entire home/apt",111,2,196,2.88,1,0
"Entire home/apt",254,2,148,2.19,3,0
"Entire home/apt",385,3,36,0.54,1,120
"Entire home/apt",96,2,137,2.34,2,219
"Entire home/apt",117,2,281,4.87,1,0
"Entire home/apt",165,2,67,0.99,1,335
"Entire home/apt",93,2,134,1.98,1,44
"Entire home/apt",90,1,193,2.89,2,0
"Entire home/apt",102,2,110,1.62,3,0
"Entire home/apt",254,1,69,1.09,2,295
"Entire home/apt",177,2,192,2.96,2,315
"Entire home/apt",85,2,616,9.19,2,282
"Entire home/apt",60,1,415,6.37,1,48
"Entire home/apt",84,3,56,1.3,1,169
"Entire home/apt",185,1,18,0.42,8,156
"Entire home/apt",52,2,246,4.01,1,172
"Other",65,1,363,5.4,1,1
"Entire home/apt",94,1,337,5.04,9,301
"Entire home/apt",145,1,108,1.71,2,302
"Other",229,1,2,0.06,6,120
"Entire home/apt",313,2,238,3.56,1,294
"Entire home/apt",105,2,156,2.36,1,297
"Entire home/apt",188,1,162,2.42,1,162
"Other",144,2,137,2.06,1,183
"Entire home/apt",125,2,143,2.16,1,171
"Entire home/apt",221,1,300,4.62,6,173
"Entire home/apt",51,30,15,0.25,4,26
"Entire home/apt",54,2,84,1.35,1,4
"Entire home/apt",72,30,42,0.65,1,290
"Entire home/apt",84,1,277,4.36,2,152
"Other",44,30,148,2.27,5,324
"Entire home/apt",120,29,4,0.15,1,63
"Entire home/apt",100,2,608,9.56,1,42
"Entire home/apt",170,1,581,9.05,3,138
"Entire home/apt",110,2,330,4.99,1,123
"Entire home/apt",88,2,82,1.25,3,0
"Entire home/apt",104,2,184,2.81,1,152
"Entire home/apt",191,2,113,1.72,2,1
"Entire home/apt",96,28,7,0.15,2,128
"Entire home/apt",98,2,193,2.95,1,171
"Other",230,1,1,0.02,6,95
"Other",231,1,2,0.06,6,91
"Entire home/apt",116,1,175,2.72,2,173
"Entire home/apt",125,2,426,6.61,1,126
"Entire home/apt",144,1,148,2.26,1,142
"Entire home/apt",125,2,367,5.72,1,146
"Entire home/apt",119,2,225,3.45,1,163
"Entire home/apt",123,2,198,3.07,2,346
"Entire home/apt",118,2,232,3.68,1,224
"Entire home/apt",85,1,477,7.4,3,54
"Entire home/apt",96,2,277,4.33,1,77
"Other",70,1,90,1.41,1,0
"Entire home/apt",405,2,84,1.29,2,355
"Entire home/apt",150,3,39,0.6,2,97
"Other",43,2,109,2.48,1,21
"Other",75,1,303,4.75,1,151
"Other",91,2,85,1.47,1,135
"Entire home/apt",138,1,682,10.47,1,321
"Entire home/apt",135,29,85,1.31,2,117
"Other",85,1,134,2.18,1,49
"Entire home/apt",98,1,342,6.07,1,154
"Entire home/apt",149,2,253,3.94,2,314
"Entire home/apt",286,2,255,5.19,1,156
"Entire home/apt",90,3,154,2.65,1,151
"Other",61,2,161,2.53,2,0
"Entire home/apt",85,1,324,5.08,2,143
"Entire home/apt",65,1,450,7.08,1,293
"Entire home/apt",136,3,147,2.28,1,317
"Entire home/apt",198,2,575,8.98,2,83
"Entire home/apt",332,4,38,0.65,2,222
"Entire home/apt",99,2,134,2.09,2,269
"Other",393,1,24,0.38,7,0
"Entire home/apt",110,30,19,0.32,1,200
"Entire home/apt",125,1,446,7.08,1,348
"Other",69,1,88,1.37,9,307
"Entire home/apt",75,1,217,3.38,4,250
"Entire home/apt",275,3,68,1.46,3,290
"Entire home/apt",600,3,28,0.66,3,277
"Entire home/apt",160,2,37,0.59,2,135
"Entire home/apt",162,2,198,3.18,1,165
"Other",44,1,106,1.65,3,0
"Entire home/apt",81,1,76,1.24,1,247
"Entire home/apt",194,1,171,2.81,5,331
"Entire home/apt",90,2,367,5.89,1,64
"Entire home/apt",84,3,96,1.5,2,66
"Entire home/apt",169,2,332,5.31,1,133
"Entire home/apt",115,4,54,0.85,4,63
"Other",375,1,40,0.63,7,215
"Other",348,1,14,0.23,7,0
"Other",369,1,11,0.18,7,0
"Other",360,1,24,0.39,7,0
"Other",2059,1,9,0.15,7,0
"Entire home/apt",178,1,73,1.15,2,293
"Entire home/apt",175,1,684,11.09,1,147
"Entire home/apt",126,2,137,2.17,1,176
"Entire home/apt",85,3,85,1.35,1,91
"Entire home/apt",72,3,216,3.51,1,77
"Entire home/apt",225,2,101,1.59,1,31
"Entire home/apt",89,3,99,1.59,1,0
"Entire home/apt",174,1,156,2.47,1,311
"Entire home/apt",100,1,262,4.13,2,163
"Other",76,2,45,0.9,1,260
"Entire home/apt",79,30,103,1.93,2,290
"Entire home/apt",182,1,136,2.33,2,265
"Entire home/apt",86,1,301,5.24,1,344
"Other",90,2,45,0.79,1,341
"Entire home/apt",210,2,350,5.64,1,110
"Entire home/apt",81,2,63,1.01,2,341
"Other",65,2,49,0.78,2,0
"Entire home/apt",364,2,157,2.51,1,51
"Other",85,1,87,1.42,5,210
"Entire home/apt",111,2,310,4.97,1,166
"Entire home/apt",75,2,107,1.7,1,35
"Entire home/apt",250,30,1,0.03,2,337
"Other",57,1,145,2.33,9,315
"Entire home/apt",106,3,393,6.35,2,65
"Other",69,1,926,14.79,5,158
"Entire home/apt",19,1,54,0.87,19,156
"Entire home/apt",196,2,85,1.53,1,313
"Entire home/apt",195,1,92,1.61,5,356
"Entire home/apt",90,1,392,6.35,1,174
"Entire home/apt",137,1,388,6.74,1,312
"Entire home/apt",332,2,200,3.26,1,241
"Other",107,2,122,1.99,1,53
"Entire home/apt",108,2,54,0.88,2,294
"Other",89,1,20,0.32,2,82
"Entire home/apt",180,30,10,0.17,2,66
"Other",65,1,144,2.33,1,165
"Other",129,2,273,4.41,1,73
"Other",229,2,8,0.2,7,328
"Entire home/apt",125,2,34,0.55,1,0
"Entire home/apt",92,1,276,4.46,1,333
"Entire home/apt",175,3,122,1.97,1,258
"Entire home/apt",83,2,260,4.22,1,226
"Entire home/apt",84,2,87,1.4,3,168
"Other",70,1,367,6.05,2,141
"Entire home/apt",285,2,260,4.22,1,246
"Entire home/apt",595,2,64,1.08,4,339
"Other",175,1,4,0.06,4,0
"Entire home/apt",226,1,222,3.6,6,293
"Entire home/apt",19,1,86,1.39,19,85
"Entire home/apt",228,2,204,3.33,2,349
"Entire home/apt",79,2,132,2.18,1,261
"Entire home/apt",110,2,355,5.78,1,317
"Entire home/apt",249,3,61,1.17,1,264
"Other",63,1,309,5.03,1,224
"Entire home/apt",70,2,343,5.67,1,127
"Entire home/apt",78,2,120,2,1,168
"Entire home/apt",133,2,366,6.2,1,0
"Other",200,2,9,0.15,4,0
"Entire home/apt",90,2,205,3.35,2,358
"Entire home/apt",103,2,310,5.11,1,63
"Entire home/apt",209,1,173,2.85,6,342
"Entire home/apt",218,1,201,3.31,6,336
"Entire home/apt",198,3,103,1.71,2,307
"Other",89,1,114,1.87,2,358
"Entire home/apt",79,2,378,6.25,1,79
"Entire home/apt",152,28,34,0.7,1,319
"Entire home/apt",239,3,144,2.39,1,278
"Other",56,1,377,6.21,2,153
"Entire home/apt",105,2,118,2.01,1,156
"Other",279,1,14,0.23,5,151
"Other",97,2,103,1.7,9,337
"Entire home/apt",89,2,459,7.58,1,211
"Entire home/apt",75,1,177,2.94,1,180
"Other",44,1,209,3.5,1,32
"Entire home/apt",160,2,347,5.74,2,277
"Entire home/apt",198,1,124,2.05,6,138
"Entire home/apt",72,1,248,4.09,6,47
"Entire home/apt",181,3,190,3.15,3,161
"Entire home/apt",59,2,80,1.33,2,0
"Entire home/apt",68,2,225,3.82,1,0
"Other",120,1,96,1.59,1,168
"Other",75,2,75,1.31,1,0
"Entire home/apt",125,3,63,1.05,2,0
"Other",45,2,135,2.27,2,336
"Entire home/apt",145,3,63,1.08,1,275
"Entire home/apt",161,1,154,2.64,1,74
"Entire home/apt",19,1,64,1.06,19,173
"Entire home/apt",62,30,14,0.28,1,249
"Entire home/apt",97,2,150,2.52,1,241
"Entire home/apt",60,2,300,5.2,3,135
"Entire home/apt",405,2,43,0.75,2,347
"Entire home/apt",380,2,207,3.52,1,21
"Other",59,1,112,1.99,1,34
"Entire home/apt",75,2,439,7.37,1,59
"Entire home/apt",139,30,121,2.05,1,79
"Entire home/apt",99,1,278,4.63,5,260
"Entire home/apt",115,2,19,0.43,1,146
"Entire home/apt",151,1,262,4.52,5,261
"Entire home/apt",258,2,139,2.42,1,118
"Entire home/apt",116,1,306,5.13,1,2
"Entire home/apt",75,30,7,0.12,1,183
"Entire home/apt",103,2,158,2.76,1,224
"Entire home/apt",79,2,238,4.55,1,298
"Entire home/apt",127,2,521,8.82,2,47
"Entire home/apt",73,2,77,1.31,1,134
"Entire home/apt",144,1,164,2.77,1,46
"Entire home/apt",638,2,83,1.45,4,312
"Entire home/apt",158,2,235,4.06,2,25
"Entire home/apt",200,3,106,1.82,1,168
"Entire home/apt",160,2,293,4.98,1,189
"Other",155,3,0,0,1,344
"Other",69,1,209,3.51,2,23
"Entire home/apt",79,2,283,4.78,1,350
"Entire home/apt",142,1,287,4.85,1,340
"Entire home/apt",255,2,91,1.58,1,161
"Entire home/apt",89,1,147,2.49,4,49
"Entire home/apt",275,3,78,1.36,1,356
"Other",48,1,457,7.73,3,353
"Entire home/apt",725,3,98,1.68,1,291
"Other",125,1,76,1.32,1,365
"Entire home/apt",170,30,11,0.23,1,235
"Entire home/apt",82,2,377,6.43,1,128
"Other",47,1,482,8.22,3,358
"Entire home/apt",60,2,62,1.08,1,174
"Entire home/apt",85,1,250,4.29,1,136
"Entire home/apt",90,2,120,2.05,1,227
"Entire home/apt",216,2,202,3.49,2,225
"Entire home/apt",101,2,45,1.01,1,137
"Other",700,30,0,0,1,90
"Entire home/apt",143,2,79,1.4,1,90
"Other",62,1,244,4.18,2,69
"Entire home/apt",267,2,100,1.75,18,323
"Other",68,2,54,0.93,1,0
"Entire home/apt",89,2,91,1.58,1,0
"Entire home/apt",98,1,291,5.05,1,150
"Entire home/apt",385,1,17,0.3,3,83
"Entire home/apt",150,28,22,0.39,5,185
"Entire home/apt",495,1,1,0.02,19,139
"Entire home/apt",135,1,199,3.83,2,288
"Entire home/apt",165,30,38,1.15,2,290
"Entire home/apt",135,2,111,1.93,1,365
"Entire home/apt",89,30,9,0.16,1,7
"Entire home/apt",40,30,8,0.14,1,78
"Entire home/apt",180,3,144,2.52,1,144
"Entire home/apt",79,1,64,1.12,1,0
"Entire home/apt",170,2,286,5.58,1,308
"Entire home/apt",290,28,0,0,1,87
"Entire home/apt",292,1,132,2.55,6,333
"Entire home/apt",75,1,165,2.89,4,250
"Entire home/apt",311,2,155,2.78,1,260
"Entire home/apt",145,1,298,5.3,3,63
"Entire home/apt",127,2,138,2.43,1,196
"Entire home/apt",125,1,474,8.34,1,99
"Entire home/apt",127,2,549,9.64,1,0
"Entire home/apt",100,2,94,1.65,5,343
"Entire home/apt",103,1,449,8.18,1,298
"Other",72,2,278,4.89,1,57
"Entire home/apt",101,3,129,2.75,1,175
"Entire home/apt",110,2,67,1.19,1,0
"Entire home/apt",227,1,13,0.25,34,334
"Entire home/apt",64,1,16,0.34,34,342
"Entire home/apt",87,1,222,3.93,1,128
"Entire home/apt",121,2,223,4.16,3,125
"Entire home/apt",154,2,71,1.26,1,3
"Entire home/apt",199,1,178,3.16,1,25
"Entire home/apt",67,2,67,1.2,1,179
"Entire home/apt",155,2,58,1.04,1,84
"Entire home/apt",147,2,192,3.47,1,251
"Entire home/apt",250,2,290,5.45,1,215
"Other",95,1,48,0.93,2,339
"Entire home/apt",645,2,183,3.31,1,145
"Other",80,2,27,0.48,1,5
"Entire home/apt",309,2,142,2.59,1,106
"Entire home/apt",713,2,75,1.53,4,298
"Entire home/apt",108,2,110,7.52,2,114
"Entire home/apt",156,1,44,0.88,34,331
"Entire home/apt",109,1,41,0.75,34,348
"Entire home/apt",215,1,200,3.57,5,321
"Entire home/apt",114,2,344,6.19,2,72
"Entire home/apt",85,30,4,0.08,1,0
"Entire home/apt",128,1,275,5.03,1,209
"Entire home/apt",116,2,264,4.85,3,119
"Entire home/apt",300,3,56,1.04,2,338
"Entire home/apt",429,14,42,0.76,1,0
"Entire home/apt",96,2,335,6.13,1,162
"Entire home/apt",180,2,104,1.97,1,112
"Entire home/apt",414,3,63,1.14,2,338
"Entire home/apt",145,3,63,1.23,1,300
"Other",60,2,211,3.84,2,67
"Entire home/apt",185,3,14,0.26,1,152
"Entire home/apt",1110,2,128,2.82,1,234
"Entire home/apt",116,2,214,3.93,1,161
"Other",85,28,3,0.13,4,140
"Other",86,3,35,0.74,1,0
"Entire home/apt",79,1,59,3.5,1,13
"Entire home/apt",150,2,186,3.43,2,356
"Entire home/apt",133,1,238,4.34,9,163
"Entire home/apt",126,2,85,1.54,2,55
"Other",106,1,28,0.51,3,362
"Entire home/apt",253,2,85,1.56,11,136
"Entire home/apt",70,2,103,1.89,2,289
"Entire home/apt",74,2,337,6.14,2,133
"Entire home/apt",68,2,383,6.98,2,256
"Entire home/apt",96,1,288,5.34,1,163
"Entire home/apt",94,1,232,4.44,1,158
"Entire home/apt",194,2,189,3.48,6,36
"Entire home/apt",74,2,76,1.41,2,35
"Entire home/apt",284,2,367,7.03,1,285
"Other",77,1,41,0.82,1,136
"Entire home/apt",111,2,233,4.73,1,309
"Entire home/apt",128,1,191,3.53,9,224
"Entire home/apt",275,1,82,1.58,2,350
"Entire home/apt",194,2,383,7.1,1,200
"Entire home/apt",295,1,132,2.48,113,343
"Entire home/apt",281,3,77,1.73,1,191
"Entire home/apt",295,1,149,2.78,113,339
"Entire home/apt",295,1,68,1.28,113,284
"Entire home/apt",295,1,128,2.4,113,340
"Entire home/apt",295,1,75,1.4,113,327
"Entire home/apt",295,1,60,1.12,113,337
"Entire home/apt",295,1,74,1.42,113,326
"Entire home/apt",295,1,107,2.02,113,292
"Entire home/apt",295,1,41,0.78,113,334
"Entire home/apt",116,2,67,1.48,1,161
"Entire home/apt",305,2,359,6.67,3,202
"Entire home/apt",234,2,348,6.51,3,220
"Entire home/apt",320,30,159,2.95,1,89
"Entire home/apt",326,2,87,2.76,1,363
"Entire home/apt",695,3,63,1.21,1,276
"Entire home/apt",125,1,467,8.97,1,276
"Entire home/apt",328,2,107,1.99,1,231
"Other",99,1,175,3.26,1,31
"Entire home/apt",88,29,9,0.18,1,261
"Entire home/apt",207,1,56,1.05,6,164
"Entire home/apt",268,3,35,0.67,1,345
"Entire home/apt",125,3,13,0.49,5,365
"Entire home/apt",140,1,56,1.04,2,42
"Entire home/apt",388,3,19,0.37,1,308
"Entire home/apt",145,1,241,4.51,2,354
"Entire home/apt",295,1,112,2.14,113,349
"Entire home/apt",295,1,87,1.63,113,345
"Entire home/apt",295,1,94,1.79,113,276
"Other",150,2,3,0.09,1,178
"Entire home/apt",96,2,277,5.24,10,253
"Entire home/apt",81,2,242,4.57,1,175
"Entire home/apt",131,2,300,5.67,1,177
"Entire home/apt",300,14,2,0.09,3,20
"Entire home/apt",69,1,247,4.7,1,115
"Other",136,2,5,0.11,1,253
"Entire home/apt",189,2,209,3.96,1,300
"Entire home/apt",176,2,57,1.09,18,21
"Entire home/apt",96,1,19,1.98,1,77
"Entire home/apt",295,1,164,3.18,113,315
"Entire home/apt",488,3,96,2.03,1,93
"Entire home/apt",163,1,247,4.73,15,312
"Entire home/apt",93,2,135,2.56,3,269
"Entire home/apt",114,2,56,1.07,3,280
"Entire home/apt",123,2,42,0.82,18,331
"Entire home/apt",103,1,528,10.63,1,251
"Entire home/apt",85,2,124,2.39,1,134
"Entire home/apt",198,2,188,3.63,1,167
"Entire home/apt",82,2,60,1.2,3,10
"Entire home/apt",165,1,518,9.9,2,197
"Entire home/apt",288,2,45,0.88,3,274
"Entire home/apt",250,3,52,1.01,2,297
"Entire home/apt",279,3,183,3.69,1,91
"Entire home/apt",156,1,248,4.83,2,340
"Entire home/apt",70,1,80,1.54,1,324
"Entire home/apt",288,2,51,0.98,3,272
"Entire home/apt",106,2,271,5.25,1,47
"Entire home/apt",154,2,78,1.57,6,324
"Entire home/apt",205,3,5,0.28,3,348
"Entire home/apt",152,1,380,7.47,8,221
"Entire home/apt",186,2,72,1.44,1,0
"Entire home/apt",169,2,99,1.94,2,217
"Entire home/apt",142,3,112,2.25,1,148
"Entire home/apt",172,2,152,3.19,1,262
"Entire home/apt",265,2,94,1.85,1,144
"Other",295,3,73,1.41,1,168
"Entire home/apt",282,2,221,4.28,1,267
"Entire home/apt",215,1,126,2.44,1,142
"Entire home/apt",300,1,39,0.89,2,206
"Entire home/apt",175,3,116,2.26,1,169
"Entire home/apt",368,29,1,0.02,4,270
"Entire home/apt",176,2,251,4.91,4,119
"Entire home/apt",995,5,6,0.12,1,67
"Entire home/apt",295,1,118,2.31,113,336
"Entire home/apt",295,1,88,1.72,113,340
"Entire home/apt",295,1,120,2.34,113,337
"Entire home/apt",176,3,58,1.14,2,311
"Entire home/apt",115,2,107,2.08,2,345
"Entire home/apt",181,2,193,3.84,4,130
"Entire home/apt",179,3,32,0.65,1,0
"Entire home/apt",183,1,343,6.65,1,348
"Entire home/apt",70,2,105,3.68,1,132
"Entire home/apt",89,1,314,6.35,1,144
"Entire home/apt",83,1,252,4.97,1,0
"Entire home/apt",104,2,136,2.84,1,12
"Entire home/apt",386,1,339,11.34,2,47
"Entire home/apt",127,2,286,5.93,1,205
"Entire home/apt",323,1,268,8.55,2,89
"Entire home/apt",381,1,91,2.05,3,286
"Entire home/apt",117,3,170,3.47,1,137
"Entire home/apt",135,1,349,6.98,6,188
"Entire home/apt",366,2,17,0.36,6,150
"Entire home/apt",291,3,35,0.7,1,217
"Entire home/apt",86,2,239,4.76,1,0
"Entire home/apt",197,1,1,0.08,3,160
"Entire home/apt",71,30,18,0.41,1,206
"Entire home/apt",74,1,24,4.97,1,341
"Other",410,1,0,0,8,325
"Other",453,1,1,0.04,8,324
"Other",390,1,2,0.08,8,316
"Other",390,1,0,0,8,313
"Other",453,1,0,0,8,306
"Other",361,1,3,0.1,8,313
"Other",410,1,0,0,8,295
"Entire home/apt",188,2,194,3.86,1,61
"Entire home/apt",52,30,7,0.14,2,35
"Entire home/apt",275,1,15,0.3,2,363
"Entire home/apt",62,1,228,4.65,1,103
"Entire home/apt",76,2,85,1.72,1,8
"Entire home/apt",382,3,54,1.09,2,312
"Entire home/apt",185,1,436,8.72,8,211
"Other",28,1,112,2.22,19,175
"Entire home/apt",20,1,93,1.85,19,172
"Entire home/apt",79,1,285,5.67,1,361
"Other",44,30,19,0.39,1,16
"Entire home/apt",125,2,10,0.22,1,90
"Entire home/apt",896,2,11,0.24,51,271
"Entire home/apt",101,3,83,1.73,1,31
"Entire home/apt",324,2,20,0.43,3,321
"Entire home/apt",169,2,151,3.05,1,156
"Entire home/apt",110,2,44,0.91,18,3
"Other",90,26,4,0.09,4,47
"Entire home/apt",652,2,44,0.92,3,322
"Entire home/apt",125,1,137,2.82,3,328
"Entire home/apt",117,2,141,5.49,1,132
"Entire home/apt",112,2,132,2.66,1,58
"Entire home/apt",75,1,402,8.11,1,164
"Other",81,2,26,0.54,4,131
"Entire home/apt",127,1,180,3.71,1,176
"Entire home/apt",137,2,328,7.12,1,101
"Other",999,1,0,0,8,0
"Other",999,1,1,0.04,8,0
"Other",999,1,0,0,8,0
"Other",999,1,0,0,8,0
"Other",999,1,0,0,8,0
"Other",54,1,2,2,2,316
"Entire home/apt",25,1,105,2.14,19,173
"Entire home/apt",295,1,94,1.93,113,308
"Entire home/apt",74,2,142,2.89,1,146
"Entire home/apt",138,1,95,1.95,15,335
"Entire home/apt",138,1,81,1.66,15,342
"Entire home/apt",138,1,112,2.29,15,326
"Entire home/apt",193,3,98,2,1,158
"Entire home/apt",195,1,103,2.12,113,335
"Entire home/apt",195,1,89,1.82,113,316
"Entire home/apt",97,1,319,6.72,1,246
"Entire home/apt",150,3,53,1.09,1,0
"Other",66,2,14,0.32,3,187
"Entire home/apt",139,2,187,3.87,4,175
"Entire home/apt",138,1,29,0.6,15,345
"Other",79,2,219,4.62,1,141
"Entire home/apt",138,1,74,1.75,15,347
"Entire home/apt",138,1,126,2.59,15,350
"Entire home/apt",99,2,104,2.15,2,247
"Entire home/apt",138,1,165,3.4,15,335
"Entire home/apt",138,1,180,3.71,15,340
"Entire home/apt",138,1,75,1.55,15,354
"Entire home/apt",195,1,95,1.96,113,326
"Entire home/apt",138,1,110,2.27,15,338
"Entire home/apt",86,1,196,4.49,15,344
"Entire home/apt",212,1,436,9.43,2,275
"Entire home/apt",189,2,173,3.6,1,213
"Entire home/apt",295,1,49,1.02,113,358
"Entire home/apt",245,1,173,3.59,6,331
"Entire home/apt",230,3,12,0.27,14,0
"Entire home/apt",226,2,133,2.78,1,229
"Entire home/apt",657,2,26,0.59,51,326
"Entire home/apt",100,10,16,0.34,1,322
"Entire home/apt",295,1,27,0.79,113,359
"Entire home/apt",124,3,25,0.54,14,89
"Entire home/apt",179,2,68,1.55,1,117
"Entire home/apt",202,2,84,1.82,11,316
"Entire home/apt",99,2,168,3.47,1,77
"Entire home/apt",134,2,144,2.99,5,2
"Entire home/apt",90,4,103,2.14,1,258
"Entire home/apt",170,1,167,3.52,1,317
"Entire home/apt",195,1,98,2.04,113,333
"Entire home/apt",130,3,136,2.84,3,156
"Entire home/apt",178,7,20,0.42,1,0
"Entire home/apt",230,5,85,1.82,1,250
"Other",84,1,182,3.83,5,213
"Entire home/apt",62,30,15,0.35,1,297
"Entire home/apt",404,3,166,3.65,1,134
"Entire home/apt",139,2,37,0.78,2,0
"Entire home/apt",60,30,16,0.34,1,0
"Entire home/apt",94,2,242,5.06,3,134
"Entire home/apt",212,2,86,1.97,11,317
"Entire home/apt",401,2,29,0.66,51,327
"Entire home/apt",212,2,88,2.04,11,291
"Entire home/apt",120,30,5,0.41,1,92
"Other",41,7,17,0.45,2,65
"Entire home/apt",300,2,7,0.15,2,0
"Entire home/apt",211,3,116,2.57,1,70
"Entire home/apt",70,2,15,0.64,2,160
"Entire home/apt",204,2,323,6.78,1,291
"Entire home/apt",146,1,258,5.42,8,178
"Entire home/apt",88,1,224,4.72,2,33
"Entire home/apt",350,3,40,0.87,3,251
"Entire home/apt",421,1,337,7.11,7,137
"Entire home/apt",195,1,79,1.68,113,323
"Entire home/apt",50,30,2,0.52,2,351
"Entire home/apt",185,3,71,1.54,2,356
"Entire home/apt",134,2,155,3.47,1,43
"Other",37,26,2,0.05,4,281
"Entire home/apt",99,2,204,4.37,1,212
"Entire home/apt",425,3,18,0.4,2,287
"Entire home/apt",102,2,70,1.58,1,70
"Other",65,2,96,2.05,1,82
"Entire home/apt",149,1,123,2.63,3,331
"Entire home/apt",121,1,34,3.12,4,153
"Entire home/apt",423,1,157,3.39,3,296
"Entire home/apt",139,2,207,4.54,1,152
"Entire home/apt",358,2,121,2.65,1,155
"Entire home/apt",107,2,178,3.86,1,111
"Entire home/apt",252,3,162,3.51,1,40
"Entire home/apt",69,30,14,0.41,1,187
"Entire home/apt",122,1,94,2,3,334
"Entire home/apt",249,1,54,1.16,113,346
"Entire home/apt",161,3,234,5.02,3,145
"Entire home/apt",198,3,83,3.45,3,92
"Entire home/apt",113,1,129,2.78,3,336
"Entire home/apt",79,2,38,0.87,1,67
"Entire home/apt",86,2,95,2.13,1,64
"Entire home/apt",219,2,98,2.12,1,175
"Entire home/apt",150,30,92,2.06,1,207
"Entire home/apt",249,1,97,2.14,113,350
"Entire home/apt",249,1,76,1.64,113,322
"Entire home/apt",228,2,122,2.65,2,360
"Entire home/apt",191,1,196,4.34,2,28
"Entire home/apt",125,1,259,5.61,8,338
"Entire home/apt",199,1,128,2.77,1,54
"Entire home/apt",73,2,77,1.67,1,140
"Entire home/apt",249,1,100,2.2,113,350
"Entire home/apt",65,1,135,2.92,7,253
"Entire home/apt",195,1,87,1.89,113,342
"Entire home/apt",249,1,66,1.43,113,353
"Entire home/apt",234,3,117,2.55,2,181
"Entire home/apt",135,2,47,1.05,2,15
"Entire home/apt",111,3,39,1.09,18,338
"Entire home/apt",195,1,93,2.01,113,279
"Entire home/apt",150,3,18,0.4,1,55
"Entire home/apt",156,1,411,9.03,2,275
"Entire home/apt",187,1,38,0.83,113,352
"Entire home/apt",95,1,73,1.62,1,56
"Entire home/apt",87,1,303,6.64,1,68
"Entire home/apt",185,3,0,0,2,330
"Entire home/apt",181,2,116,2.56,1,277
"Entire home/apt",67,2,122,2.71,1,51
"Entire home/apt",117,2,217,4.76,1,80
"Entire home/apt",249,1,67,1.48,113,324
"Entire home/apt",182,2,123,2.7,1,23
"Entire home/apt",146,2,87,1.93,1,152
"Other",52,1,157,3.43,1,124
"Entire home/apt",130,2,210,4.7,1,188
"Entire home/apt",72,1,26,0.57,2,349
"Entire home/apt",89,2,244,5.39,1,148
"Other",156,2,21,0.48,1,89
"Other",49,2,34,0.75,3,357
"Entire home/apt",102,2,241,5.35,1,38
"Entire home/apt",119,1,146,3.29,2,55
"Entire home/apt",135,1,55,1.2,2,0
"Entire home/apt",206,2,233,5.31,2,250
"Entire home/apt",193,3,116,2.56,1,60
"Entire home/apt",205,2,14,1.87,1,350
"Entire home/apt",75,2,92,2.02,1,154
"Other",55,1,103,4.53,2,76
"Entire home/apt",85,2,151,3.35,1,270
"Entire home/apt",195,1,53,1.16,113,317
"Entire home/apt",249,1,87,1.91,113,317
"Entire home/apt",275,30,19,0.44,1,83
"Entire home/apt",352,1,66,1.46,113,118
"Entire home/apt",99,2,229,6.4,1,342
"Entire home/apt",135,1,249,5.5,8,355
"Entire home/apt",82,2,124,2.77,1,170
"Entire home/apt",151,2,38,0.85,1,142
"Entire home/apt",241,2,241,5.35,6,42
"Entire home/apt",142,2,194,4.3,10,264
"Entire home/apt",225,2,95,2.11,18,314
"Entire home/apt",275,2,198,4.39,9,330
"Entire home/apt",97,3,19,0.52,1,0
"Other",65,2,43,0.96,1,46
"Entire home/apt",147,2,27,0.6,1,124
"Entire home/apt",79,2,103,2.33,1,128
"Entire home/apt",129,28,9,0.2,1,159
"Entire home/apt",92,3,26,0.59,1,94
"Entire home/apt",249,1,91,2.12,113,343
"Other",140,2,109,2.43,2,63
"Entire home/apt",200,1,133,2.95,2,144
"Entire home/apt",146,1,142,3.16,2,135
"Entire home/apt",148,2,212,4.75,2,10
"Entire home/apt",299,2,116,2.7,1,315
"Entire home/apt",60,2,260,5.79,2,31
"Entire home/apt",116,3,129,2.89,1,115
"Entire home/apt",370,1,91,2.19,2,328
"Entire home/apt",281,1,142,3.37,2,309
"Entire home/apt",111,2,206,4.76,1,142
"Entire home/apt",201,2,123,2.77,1,150
"Entire home/apt",173,2,12,0.37,51,144
"Entire home/apt",225,2,16,0.37,1,0
"Entire home/apt",110,2,136,3.13,1,0
"Entire home/apt",175,2,281,6.4,1,278
"Entire home/apt",249,1,117,2.68,113,343
"Other",77,2,116,3.36,2,244
"Entire home/apt",112,2,91,2.13,1,41
"Entire home/apt",117,2,30,0.68,1,180
"Entire home/apt",118,2,286,7.08,3,222
"Entire home/apt",77,2,86,1.95,1,229
"Entire home/apt",66,2,215,4.86,2,304
"Entire home/apt",140,2,186,4.21,2,49
"Entire home/apt",76,28,119,2.98,1,119
"Entire home/apt",109,2,17,0.41,1,0
"Entire home/apt",200,3,36,0.85,4,327
"Entire home/apt",159,1,230,8.14,1,133
"Other",50,1,30,0.68,2,0
"Entire home/apt",154,2,153,3.5,6,324
"Entire home/apt",450,1,235,5.49,7,152
"Entire home/apt",111,2,75,1.73,1,81
"Entire home/apt",61,2,135,3.09,1,55
"Other",113,1,22,0.65,4,155
"Entire home/apt",53,30,9,0.22,6,0
"Entire home/apt",188,2,146,3.99,3,101
"Entire home/apt",79,30,10,0.23,1,71
"Other",81,1,152,3.67,4,154
"Entire home/apt",183,1,178,4.1,1,205
"Other",47,1,269,6.25,2,71
"Entire home/apt",107,1,151,3.48,1,158
"Entire home/apt",101,1,181,4.17,1,0
"Entire home/apt",175,2,34,0.79,1,1
"Other",43,1,567,13.11,4,184
"Entire home/apt",196,2,60,1.95,4,157
"Other",101,2,88,2.07,1,72
"Entire home/apt",173,2,121,2.87,1,67
"Entire home/apt",136,1,180,4.46,3,168
"Entire home/apt",314,2,10,0.25,3,334
"Entire home/apt",95,2,29,1.41,5,334
"Entire home/apt",105,28,4,0.1,1,32
"Entire home/apt",100,2,2,0.05,4,0
"Entire home/apt",200,30,0,0,1,0
"Entire home/apt",275,2,9,0.21,1,0
"Entire home/apt",154,2,119,4.51,1,253
"Entire home/apt",181,30,159,4.26,1,94
"Entire home/apt",343,2,62,1.47,1,46
"Entire home/apt",136,2,235,6.29,2,278
"Entire home/apt",77,1,107,2.52,4,74
"Entire home/apt",89,2,20,0.48,1,242
"Entire home/apt",275,3,101,2.55,1,301
"Entire home/apt",305,1,149,3.53,1,0
"Entire home/apt",88,2,55,3.83,1,254
"Entire home/apt",365,2,43,1.16,51,339
"Entire home/apt",54,1,83,3.75,9,165
"Entire home/apt",164,2,145,3.47,1,62
"Entire home/apt",230,3,77,1.98,2,326
"Entire home/apt",110,30,0,0,1,84
"Other",47,1,45,1.09,2,186
"Entire home/apt",164,30,62,1.5,2,82
"Entire home/apt",133,3,7,0.18,2,99
"Entire home/apt",304,2,21,0.53,51,349
"Entire home/apt",281,2,21,0.57,51,345
"Entire home/apt",125,2,63,1.55,1,0
"Entire home/apt",125,30,5,0.26,1,289
"Entire home/apt",95,2,136,3.31,1,65
"Entire home/apt",173,3,168,4.13,2,222
"Other",154,2,62,1.49,1,73
"Entire home/apt",252,1,72,1.73,113,305
"Entire home/apt",226,2,167,4.02,3,243
"Entire home/apt",125,1,341,8.25,1,76
"Entire home/apt",233,2,100,2.42,2,307
"Entire home/apt",719,2,15,0.43,7,293
"Entire home/apt",131,2,197,5.21,4,171
"Entire home/apt",1119,3,5,0.14,5,311
"Entire home/apt",228,2,39,0.94,5,347
"Entire home/apt",228,2,33,0.79,5,335
"Entire home/apt",194,2,78,1.88,5,341
"Entire home/apt",183,4,20,1.47,2,278
"Entire home/apt",404,2,42,1.05,5,238
"Entire home/apt",286,3,98,2.41,2,74
"Entire home/apt",182,1,2,2,1,214
"Entire home/apt",162,1,386,9.39,2,285
"Entire home/apt",201,1,0,0,2,0
"Entire home/apt",233,1,87,2.46,5,326
"Entire home/apt",275,2,61,1.54,1,343
"Entire home/apt",117,2,183,4.48,8,209
"Entire home/apt",192,1,163,4.06,1,0
"Entire home/apt",325,2,103,2.52,1,128
"Entire home/apt",76,1,157,3.93,2,192
"Entire home/apt",95,30,5,0.12,1,199
"Entire home/apt",83,1,219,5.48,1,115
"Other",44,3,111,2.75,4,207
"Other",76,1,51,1.43,2,72
"Other",93,28,11,0.27,5,0
"Other",43,3,166,4.16,4,315
"Entire home/apt",137,2,144,3.56,4,299
"Entire home/apt",346,3,78,1.95,1,293
"Entire home/apt",82,2,26,0.87,1,45
"Other",249,2,8,0.22,7,338
"Entire home/apt",104,2,150,4.17,1,0
"Entire home/apt",156,2,81,2.19,3,295
"Entire home/apt",96,30,16,0.46,1,172
"Entire home/apt",175,3,9,0.23,2,309
"Other",80,1,55,2.03,1,32
"Entire home/apt",111,2,79,1.97,8,312
"Entire home/apt",106,2,208,5.26,1,14
"Entire home/apt",80,1,218,5.42,2,331
"Entire home/apt",249,1,89,2.38,113,355
"Entire home/apt",260,2,51,1.38,1,164
"Entire home/apt",743,2,117,3.23,3,299
"Entire home/apt",191,1,96,2.42,2,134
"Entire home/apt",98,2,93,2.49,3,351
"Entire home/apt",140,30,0,0,1,50
"Entire home/apt",1552,1,9,0.29,2,304
"Entire home/apt",95,1,146,3.78,1,44
"Entire home/apt",90,1,199,5.72,1,93
"Entire home/apt",101,2,107,2.9,1,155
"Entire home/apt",75,30,0,0,1,0
"Entire home/apt",19,1,62,1.69,19,355
"Other",27,1,92,2.46,19,357
"Entire home/apt",19,1,24,0.66,19,348
"Entire home/apt",198,3,19,0.5,2,313
"Entire home/apt",120,30,1,0.03,1,31
"Entire home/apt",127,2,154,4.13,1,53
"Entire home/apt",109,30,6,0.18,4,327
"Entire home/apt",145,2,128,3.6,6,170
"Entire home/apt",254,2,56,1.57,10,258
"Entire home/apt",354,2,54,1.48,10,263
"Entire home/apt",254,2,36,0.99,10,313
"Entire home/apt",241,3,32,0.89,10,315
"Entire home/apt",241,2,35,0.99,10,318
"Entire home/apt",254,2,27,0.76,10,313
"Entire home/apt",265,30,5,0.14,1,13
"Entire home/apt",57,29,12,0.34,2,179
"Entire home/apt",112,2,63,1.86,1,0
"Entire home/apt",120,2,150,4.08,1,333
"Other",226,1,7,0.19,5,171
"Other",322,1,2,0.06,5,157
"Entire home/apt",50,30,7,0.19,4,197
"Entire home/apt",74,30,3,0.08,1,15
"Entire home/apt",135,2,11,0.47,3,0
"Entire home/apt",239,2,141,3.78,1,173
"Entire home/apt",199,2,33,1.41,1,99
"Entire home/apt",311,2,48,1.29,10,298
"Entire home/apt",120,2,26,1.7,1,147
"Entire home/apt",180,1,251,6.85,2,273
"Entire home/apt",89,2,219,5.9,2,346
"Entire home/apt",442,3,3,0.09,14,0
"Entire home/apt",122,1,341,9.29,4,229
"Entire home/apt",269,3,41,1.13,18,293
"Entire home/apt",85,2,82,2.23,1,0
"Entire home/apt",233,2,119,3.31,1,50
"Other",29,1,46,1.25,19,359
"Entire home/apt",295,1,78,2.17,113,334
"Entire home/apt",295,1,80,2.18,113,350
"Entire home/apt",249,1,93,2.58,113,341
"Entire home/apt",160,2,186,5.27,1,300
"Entire home/apt",104,2,109,3.41,1,228
"Entire home/apt",350,3,63,1.76,1,190
"Entire home/apt",197,3,139,3.84,1,0
"Other",110,2,57,1.64,1,346
"Entire home/apt",89,2,5,0.21,1,0
"Entire home/apt",138,1,77,2.15,1,343
"Entire home/apt",120,3,176,5.03,1,105
"Entire home/apt",192,2,0,0,51,187
"Entire home/apt",168,2,33,0.94,51,343
"Entire home/apt",212,2,145,4.03,1,305
"Entire home/apt",135,2,86,2.38,1,342
"Entire home/apt",158,1,225,6.26,8,160
"Other",330,1,1,0.03,7,306
"Other",364,2,2,0.07,7,308
"Other",341,1,1,0.03,7,300
"Other",330,2,0,0,7,300
"Entire home/apt",94,1,237,6.62,1,79
"Other",110,1,28,0.79,3,323
"Entire home/apt",177,2,162,4.6,6,277
"Other",296,1,3,0.09,5,160
"Entire home/apt",105,2,59,1.66,1,361
"Other",235,1,0,0,5,144
"Entire home/apt",266,3,119,3.42,3,146
"Other",150,1,35,1.3,1,86
"Entire home/apt",144,2,25,0.72,6,0
"Entire home/apt",119,3,35,0.99,1,50
"Entire home/apt",80,1,34,0.96,1,78
"Entire home/apt",496,1,205,5.85,7,127
"Entire home/apt",108,1,59,1.7,4,235
"Entire home/apt",148,1,216,6.21,2,128
"Entire home/apt",104,2,63,1.81,2,276
"Entire home/apt",99,1,175,5.07,2,345
"Other",94,30,96,2.76,5,90
"Other",48,30,83,2.38,5,90
"Entire home/apt",113,30,10,0.29,3,263
"Other",98,2,81,2.38,2,26
"Other",42,30,82,2.36,5,88
"Other",300,2,5,0.15,1,0
"Entire home/apt",121,2,92,2.7,1,60
"Entire home/apt",119,2,106,3.24,2,77
"Entire home/apt",38,2,31,0.91,19,170
"Entire home/apt",112,2,147,4.46,8,216
"Entire home/apt",203,2,55,1.61,11,339
"Entire home/apt",106,1,414,12.02,1,246
"Entire home/apt",89,1,34,1,2,12
"Entire home/apt",139,2,26,0.81,51,92
"Entire home/apt",110,2,121,3.55,1,61
"Entire home/apt",98,2,33,1.01,1,168
"Entire home/apt",174,2,128,4.64,1,66
"Entire home/apt",120,1,247,7.19,1,323
"Entire home/apt",154,2,47,1.39,2,132
"Entire home/apt",408,3,10,0.4,18,264
"Entire home/apt",145,2,33,1,1,230
"Entire home/apt",249,1,69,2.05,113,342
"Entire home/apt",72,2,95,2.81,1,0
"Entire home/apt",107,1,46,2.12,1,69
"Entire home/apt",323,2,35,1.1,2,133
"Entire home/apt",282,3,73,2.2,1,317
"Entire home/apt",139,2,12,0.36,2,0
"Entire home/apt",109,1,126,3.72,1,164
"Entire home/apt",14,1,0,0,1,90
"Entire home/apt",87,2,10,2.59,1,81
"Entire home/apt",82,1,78,2.35,1,157
"Entire home/apt",243,3,0,0,1,126
"Entire home/apt",179,3,57,1.74,2,219
"Entire home/apt",250,1,32,0.97,1,89
"Entire home/apt",375,3,102,3.38,8,140
"Entire home/apt",120,2,69,2.21,1,165
"Entire home/apt",81,1,197,5.95,2,0
"Other",135,1,252,7.64,1,157
"Entire home/apt",112,1,173,5.29,1,353
"Entire home/apt",156,2,121,3.67,1,33
"Entire home/apt",145,2,138,4.51,1,350
"Entire home/apt",155,2,102,3.28,1,307
"Entire home/apt",329,2,51,2.27,1,87
"Other",70,30,41,1.25,1,180
"Entire home/apt",295,1,33,1.05,113,331
"Entire home/apt",88,2,129,3.95,2,362
"Entire home/apt",135,2,39,1.23,3,328
"Entire home/apt",79,1,58,1.81,1,164
"Entire home/apt",266,3,14,0.51,1,311
"Entire home/apt",85,2,38,1.23,18,0
"Entire home/apt",50,2,3,0.09,1,0
"Entire home/apt",196,2,146,4.46,1,127
"Entire home/apt",48,1,11,0.38,1,0
"Other",100,2,90,2.94,1,63
"Entire home/apt",165,30,0,0,2,0
"Entire home/apt",40,30,0,0,2,14
"Entire home/apt",129,2,163,5.04,2,274
"Entire home/apt",248,2,156,4.78,2,220
"Entire home/apt",357,3,62,2.1,1,235
"Other",140,1,38,1.16,1,0
"Entire home/apt",117,2,80,2.46,11,352
"Entire home/apt",99,2,46,1.47,1,9
"Entire home/apt",141,1,250,7.68,3,156
"Entire home/apt",173,3,94,2.88,1,97
"Entire home/apt",100,1,165,5.05,4,230
"Entire home/apt",124,2,126,4.03,1,155
"Entire home/apt",76,1,29,0.9,1,0
"Entire home/apt",133,2,101,3.23,1,118
"Entire home/apt",164,2,73,2.35,1,142
"Entire home/apt",126,1,70,2.33,2,176
"Entire home/apt",185,3,101,3.24,1,158
"Entire home/apt",149,1,218,6.86,2,309
"Other",29,1,65,2.01,19,89
"Entire home/apt",244,2,137,4.33,6,47
"Entire home/apt",166,2,122,3.84,10,264
"Entire home/apt",102,2,127,4.09,1,21
"Entire home/apt",189,3,87,2.76,1,140
"Entire home/apt",295,1,29,1.19,113,350
"Entire home/apt",134,3,27,0.86,1,52
"Entire home/apt",55,30,1,0.03,6,27
"Entire home/apt",69,1,115,3.62,1,135
"Entire home/apt",115,1,200,6.26,8,313
"Entire home/apt",77,30,1,0.06,2,252
"Entire home/apt",96,1,191,6,4,239
"Other",88,2,49,1.57,2,1
"Entire home/apt",115,2,20,1.56,1,205
"Entire home/apt",166,1,267,8.73,4,285
"Other",70,2,3,0.33,1,87
"Entire home/apt",100,30,2,0.16,1,64
"Entire home/apt",129,2,196,6.26,1,196
"Entire home/apt",295,1,32,1.13,113,351
"Entire home/apt",79,1,315,10.06,9,365
"Entire home/apt",171,2,49,1.58,18,208
"Entire home/apt",338,2,0,0,8,200
"Entire home/apt",100,28,2,0.72,1,57
"Entire home/apt",120,2,103,3.32,1,74
"Entire home/apt",296,2,60,2.28,1,169
"Entire home/apt",59,1,101,3.55,1,59
"Entire home/apt",297,3,73,2.76,2,175
"Entire home/apt",110,2,187,6.06,2,312
"Entire home/apt",128,1,201,6.46,2,343
"Entire home/apt",295,1,36,1.22,113,315
"Entire home/apt",295,1,54,1.8,113,327
"Entire home/apt",125,2,35,1.25,1,328
"Entire home/apt",314,4,51,1.7,1,0
"Entire home/apt",322,2,158,5.2,2,349
"Entire home/apt",321,2,37,3.04,2,338
"Entire home/apt",180,30,6,0.21,1,0
"Other",65,1,112,3.81,1,72
"Entire home/apt",300,2,9,0.3,2,88
"Entire home/apt",224,2,17,0.59,1,14
"Entire home/apt",79,14,6,0.21,1,270
"Entire home/apt",91,2,87,2.86,2,362
"Entire home/apt",295,1,44,2.13,113,332
"Entire home/apt",295,1,56,1.95,113,347
"Entire home/apt",123,1,28,0.94,113,280
"Entire home/apt",125,3,37,1.63,1,250
"Entire home/apt",295,1,44,1.46,113,346
"Entire home/apt",351,3,106,3.52,8,125
"Entire home/apt",129,2,108,3.56,1,53
"Entire home/apt",272,2,94,3.14,8,166
"Entire home/apt",174,2,31,1.03,1,365
"Entire home/apt",286,5,0,0,1,0
"Entire home/apt",92,1,397,13.07,9,359
"Entire home/apt",283,2,93,3.09,8,169
"Entire home/apt",199,2,34,1.31,1,30
"Entire home/apt",366,3,93,3.13,8,148
"Entire home/apt",295,1,55,1.88,113,261
"Other",189,1,2,0.09,7,320
"Entire home/apt",402,1,13,0.5,51,321
"Entire home/apt",195,2,95,3.19,1,293
"Entire home/apt",92,1,310,10.38,1,292
"Entire home/apt",125,2,99,3.74,1,60
"Entire home/apt",84,30,2,0.21,1,120
"Entire home/apt",94,1,216,7.27,2,340
"Entire home/apt",305,1,19,0.7,51,331
"Entire home/apt",80,60,0,0,3,136
"Entire home/apt",162,3,47,1.69,1,0
"Entire home/apt",80,1,69,2.38,1,253
"Other",107,2,76,2.61,1,78
"Entire home/apt",150,1,129,4.45,1,336
"Entire home/apt",234,5,38,1.37,1,160
"Entire home/apt",190,2,265,9.3,1,237
"Entire home/apt",62,2,223,7.95,2,91
"Entire home/apt",105,3,108,3.76,2,38
"Entire home/apt",260,2,84,3.05,8,168
"Entire home/apt",240,1,88,3.12,6,312
"Entire home/apt",280,1,51,1.79,1,168
"Entire home/apt",85,30,6,0.35,1,2
"Entire home/apt",372,3,85,3.24,8,140
"Entire home/apt",89,2,30,1.05,1,124
"Entire home/apt",101,2,72,2.53,5,307
"Other",102,3,39,3.34,1,119
"Entire home/apt",170,2,44,2.12,1,135
"Entire home/apt",295,1,43,1.53,113,338
"Entire home/apt",137,2,114,4.48,2,305
"Entire home/apt",135,2,5,0.19,1,0
"Entire home/apt",308,2,100,3.57,1,218
"Entire home/apt",106,1,56,2.18,2,323
"Entire home/apt",200,1,128,4.6,6,173
"Entire home/apt",769,2,6,0.29,4,285
"Entire home/apt",127,2,49,1.89,1,115
"Entire home/apt",201,2,148,5.28,3,141
"Entire home/apt",295,1,35,1.23,113,351
"Entire home/apt",295,1,35,1.23,113,311
"Entire home/apt",177,2,19,0.75,18,48
"Entire home/apt",124,2,108,3.82,2,75
"Entire home/apt",257,2,195,6.9,1,68
"Entire home/apt",90,1,33,1.16,2,358
"Entire home/apt",117,2,156,5.81,1,66
"Entire home/apt",48,28,15,0.56,2,243
"Entire home/apt",245,1,0,0,51,2
"Entire home/apt",136,2,0,0,1,0
"Entire home/apt",272,3,58,2.15,1,313
"Entire home/apt",150,1,64,2.36,1,52
"Entire home/apt",117,2,88,3.26,1,352
"Entire home/apt",70,28,3,0.16,1,0
"Entire home/apt",318,2,0,0,2,0
"Entire home/apt",161,2,130,4.86,3,337
"Entire home/apt",89,1,163,6.24,1,219
"Entire home/apt",266,2,80,2.96,8,157
"Entire home/apt",185,1,29,1.14,8,189
"Entire home/apt",196,1,19,0.73,8,192
"Entire home/apt",187,1,35,1.3,8,155
"Entire home/apt",540,1,12,0.53,8,354
"Entire home/apt",187,1,21,0.85,8,195
"Entire home/apt",196,1,36,1.34,8,173
"Entire home/apt",540,1,24,0.99,8,319
"Entire home/apt",146,2,21,1.04,1,343
"Entire home/apt",195,1,65,2.37,113,313
"Entire home/apt",166,1,172,6.19,15,322
"Entire home/apt",91,1,5,5,1,133
"Entire home/apt",89,3,239,8.6,9,365
"Entire home/apt",103,1,52,3.01,1,176
"Other",1650,2,1,0.07,7,83
"Entire home/apt",1195,1,5,0.37,51,320
"Entire home/apt",64,3,262,9.41,9,365
"Entire home/apt",130,3,2,0.08,5,262
"Entire home/apt",125,3,11,0.45,5,361
"Entire home/apt",191,2,73,2.74,18,319
"Entire home/apt",58,30,1,0.04,6,4
"Entire home/apt",191,1,48,1.75,113,327
"Entire home/apt",103,1,47,1.71,113,354
"Entire home/apt",448,1,23,0.88,34,301
"Entire home/apt",122,1,10,0.5,34,227
"Entire home/apt",193,1,26,1.68,34,339
"Entire home/apt",157,2,76,2.94,2,174
"Entire home/apt",106,1,177,6.42,4,361
"Entire home/apt",201,2,121,4.43,10,322
"Entire home/apt",79,3,226,8.3,4,361
"Entire home/apt",75,30,1,0.05,3,159
"Entire home/apt",249,1,70,2.61,113,352
"Entire home/apt",126,2,115,4.26,2,123
"Entire home/apt",82,1,147,5.38,1,60
"Entire home/apt",285,1,19,0.74,51,303
"Entire home/apt",85,2,22,0.83,2,0
"Entire home/apt",76,3,265,9.68,9,365
"Entire home/apt",117,1,119,4.36,1,332
"Entire home/apt",152,1,92,4.08,1,100
"Entire home/apt",73,3,192,7.05,4,359
"Entire home/apt",352,3,56,2.05,18,330
"Entire home/apt",88,1,53,2.11,1,212
"Entire home/apt",102,2,50,1.93,2,169
"Entire home/apt",81,3,145,5.36,5,365
"Other",92,3,61,2.28,1,75
"Entire home/apt",799,3,71,2.66,5,365
"Entire home/apt",175,1,98,3.78,3,155
"Entire home/apt",149,3,33,1.23,1,342
"Entire home/apt",210,31,31,1.14,1,168
"Entire home/apt",140,1,6,0.39,1,23
"Other",74,1,104,3.84,1,73
"Entire home/apt",419,2,77,2.88,3,332
"Entire home/apt",185,1,17,0.66,51,326
"Entire home/apt",105,1,2,0.23,51,91
"Entire home/apt",363,1,11,0.46,51,291
"Entire home/apt",99,2,86,3.32,1,255
"Entire home/apt",100,2,13,0.53,1,126
"Entire home/apt",200,2,35,1.52,1,24
"Entire home/apt",795,2,14,0.71,9,62
"Entire home/apt",349,1,217,8.09,2,83
"Entire home/apt",125,3,10,0.39,5,229
"Entire home/apt",258,2,147,5.68,1,80
"Entire home/apt",125,2,32,1.21,1,89
"Entire home/apt",93,1,215,8.05,4,365
"Entire home/apt",296,2,101,4.32,2,95
"Entire home/apt",150,2,67,2.59,1,166
"Entire home/apt",149,30,3,0.13,1,0
"Entire home/apt",210,1,6,0.24,51,348
"Entire home/apt",314,2,67,2.58,2,185
"Entire home/apt",77,1,303,11.43,4,364
"Entire home/apt",300,1,0,0,1,352
"Entire home/apt",95,2,70,3.19,1,4
"Entire home/apt",73,1,197,7.45,4,365
"Entire home/apt",120,2,93,3.55,1,148
"Entire home/apt",93,1,311,11.78,4,363
"Entire home/apt",295,1,37,1.42,113,339
"Entire home/apt",58,30,5,0.25,6,2
"Entire home/apt",144,2,45,1.76,1,143
"Entire home/apt",639,8,3,0.34,1,301
"Entire home/apt",235,2,26,1.28,1,263
"Entire home/apt",115,2,28,1.19,1,0
"Entire home/apt",280,3,84,3.4,1,229
"Entire home/apt",119,2,30,1.27,1,71
"Entire home/apt",96,2,31,1.28,18,345
"Entire home/apt",101,2,56,2.22,4,357
"Entire home/apt",541,3,39,1.55,2,3
"Entire home/apt",160,1,59,2.28,113,304
"Entire home/apt",91,2,31,1.22,4,284
"Entire home/apt",126,2,46,1.97,2,350
"Entire home/apt",1495,2,0,0,6,0
"Other",575,2,4,0.31,9,276
"Entire home/apt",70,30,2,0.09,2,0
"Other",89,2,74,2.88,1,14
"Entire home/apt",539,3,23,0.98,18,296
"Entire home/apt",225,2,46,1.86,1,150
"Entire home/apt",362,2,49,1.98,1,270
"Entire home/apt",67,1,169,6.82,1,144
"Entire home/apt",229,2,106,4.37,4,228
"Entire home/apt",65,3,17,0.68,2,57
"Entire home/apt",80,29,9,0.4,3,238
"Entire home/apt",295,1,42,1.65,113,319
"Entire home/apt",154,1,181,7.38,9,148
"Entire home/apt",225,2,58,2.32,1,262
"Entire home/apt",616,2,1,0.05,3,0
"Entire home/apt",158,2,86,3.59,1,142
"Entire home/apt",91,1,63,2.54,3,0
"Entire home/apt",345,2,0,0,3,0
"Entire home/apt",141,2,111,4.48,1,147
"Entire home/apt",200,2,14,0.59,1,138
"Other",41,28,0,0,2,0
"Entire home/apt",225,2,26,1.04,1,108
"Entire home/apt",215,2,47,1.88,1,133
"Entire home/apt",130,2,10,0.4,1,90
"Entire home/apt",125,30,8,0.33,1,95
"Entire home/apt",103,2,68,2.91,1,59
"Entire home/apt",80,25,9,0.5,1,260
"Entire home/apt",142,3,10,0.44,1,1
"Entire home/apt",68,1,52,2.08,1,0
"Entire home/apt",155,3,22,0.93,2,359
"Entire home/apt",62,1,255,10.17,1,27
"Entire home/apt",95,1,166,7.23,5,254
"Entire home/apt",67,2,62,2.48,1,0
"Entire home/apt",129,3,86,3.99,1,45
"Entire home/apt",295,1,25,1.05,113,347
"Entire home/apt",123,2,29,1.16,2,149
"Entire home/apt",202,2,58,2.34,1,285
"Entire home/apt",200,30,4,0.17,2,180
"Entire home/apt",142,2,76,3.19,1,337
"Entire home/apt",149,2,39,1.65,1,112
"Entire home/apt",225,3,8,0.34,1,0
"Entire home/apt",98,2,54,2.27,1,363
"Entire home/apt",158,1,146,5.95,1,306
"Entire home/apt",150,1,182,7.42,1,187
"Entire home/apt",70,30,14,0.61,1,228
"Entire home/apt",172,1,165,6.72,8,350
"Entire home/apt",131,1,21,1.06,34,337
"Entire home/apt",187,1,17,0.73,113,348
"Entire home/apt",114,2,79,3.24,9,145
"Entire home/apt",325,2,33,1.36,1,63
"Entire home/apt",230,1,32,1.33,51,335
"Entire home/apt",461,3,27,1.34,1,137
"Entire home/apt",95,3,40,1.66,2,351
"Entire home/apt",120,30,9,0.42,2,249
"Other",70,1,185,7.51,1,169
"Entire home/apt",393,2,80,3.72,1,112
"Other",99,1,290,12.24,1,44
"Entire home/apt",115,30,11,0.46,1,223
"Entire home/apt",222,2,35,1.44,8,321
"Entire home/apt",310,3,43,1.81,1,287
"Entire home/apt",249,1,60,2.54,113,348
"Entire home/apt",249,1,50,2.05,113,348
"Entire home/apt",135,2,65,3,1,199
"Entire home/apt",171,2,147,6.17,1,358
"Entire home/apt",269,2,75,3.14,3,241
"Other",77,1,8,0.35,2,89
"Entire home/apt",161,1,89,3.74,1,90
"Entire home/apt",111,30,69,2.9,2,290
"Entire home/apt",210,2,54,2.24,11,334
"Entire home/apt",134,2,26,1.14,1,317
"Entire home/apt",69,30,2,0.17,1,122
"Entire home/apt",121,1,9,0.38,4,72
"Other",123,2,3,0.13,4,342
"Entire home/apt",379,1,13,0.62,34,315
"Other",56,1,105,4.63,2,75
"Entire home/apt",163,2,69,2.94,2,254
"Entire home/apt",119,2,55,2.59,1,359
"Entire home/apt",150,2,32,1.47,2,50
"Entire home/apt",151,1,43,1.88,2,47
"Entire home/apt",107,2,14,0.62,2,179
"Entire home/apt",225,29,8,0.37,1,100
"Entire home/apt",181,2,59,2.58,1,313
"Entire home/apt",130,2,71,3.23,1,78
"Other",65,2,44,1.9,1,170
"Other",62,2,52,2.23,1,310
"Entire home/apt",251,1,30,1.28,1,227
"Entire home/apt",225,28,3,0.15,1,229
"Entire home/apt",185,2,16,0.69,1,12
"Entire home/apt",123,2,35,1.5,2,167
"Entire home/apt",214,2,31,1.37,1,59
"Entire home/apt",103,1,154,6.59,1,286
"Other",59,1,20,0.85,2,90
"Entire home/apt",315,3,24,1.15,1,0
"Entire home/apt",92,2,178,7.93,2,323
"Other",45,30,48,2.05,3,294
"Other",87,1,103,4.41,3,174
"Entire home/apt",92,1,158,6.97,5,150
"Entire home/apt",295,4,99,4.24,1,121
"Other",50,1,0,0,1,345
"Entire home/apt",226,2,26,1.14,1,155
"Entire home/apt",91,2,164,7.39,2,338
"Entire home/apt",115,28,3,0.16,1,273
"Entire home/apt",249,1,21,0.91,113,347
"Entire home/apt",259,1,67,3.07,1,135
"Entire home/apt",295,1,37,1.65,113,299
"Entire home/apt",126,1,96,4.15,2,146
"Entire home/apt",119,2,20,0.92,1,179
"Entire home/apt",195,1,43,1.87,113,333
"Other",82,2,49,4.15,1,300
"Other",80,2,19,0.92,1,32
"Entire home/apt",187,1,32,1.41,113,360
"Entire home/apt",187,1,36,1.66,113,338
"Entire home/apt",158,1,73,3.29,2,329
"Entire home/apt",109,2,111,5.11,1,58
"Entire home/apt",89,3,45,2.07,1,77
"Entire home/apt",295,1,23,1.09,113,306
"Other",150,2,49,3.08,1,221
"Entire home/apt",109,2,73,3.36,1,149
"Entire home/apt",144,2,26,1.16,1,0
"Entire home/apt",122,3,57,2.54,1,146
"Entire home/apt",199,2,103,4.61,4,253
"Entire home/apt",118,2,54,2.57,1,4
"Entire home/apt",135,1,2,0.1,1,254
"Entire home/apt",140,2,18,0.81,1,357
"Entire home/apt",368,2,9,0.45,3,12
"Other",70,1,7,0.37,1,0
"Entire home/apt",202,2,42,1.93,3,149
"Entire home/apt",114,1,93,4.19,1,352
"Entire home/apt",120,1,172,8.27,2,352
"Entire home/apt",175,3,43,1.98,2,64
"Entire home/apt",93,1,118,5.37,1,341
"Entire home/apt",75,1,45,2.19,1,175
"Entire home/apt",240,2,31,2.26,1,158
"Entire home/apt",218,2,154,7.1,2,351
"Entire home/apt",500,1,26,1.43,1,261
"Entire home/apt",125,2,87,4.01,1,157
"Entire home/apt",158,2,26,1.24,43,352
"Entire home/apt",640,1,41,1.86,5,312
"Other",893,1,4,0.34,6,246
"Entire home/apt",115,2,4,0.19,3,13
"Other",1033,1,0,0,6,310
"Other",596,1,3,0.16,6,258
"Other",830,1,2,0.1,6,288
"Other",501,1,19,0.91,6,220
"Other",60,3,49,2.44,1,314
"Entire home/apt",295,3,3,1.36,1,79
"Entire home/apt",271,2,59,2.72,1,290
"Entire home/apt",295,1,37,1.84,113,351
"Entire home/apt",295,1,21,0.97,113,327
"Entire home/apt",139,1,102,4.8,2,336
"Entire home/apt",87,2,44,2.09,1,353
"Entire home/apt",302,2,45,2.19,2,253
"Entire home/apt",92,2,56,2.72,1,157
"Entire home/apt",295,1,31,1.53,113,236
"Entire home/apt",93,1,140,6.87,2,161
"Entire home/apt",232,2,33,1.55,1,0
"Entire home/apt",77,2,7,0.49,3,260
"Entire home/apt",146,2,130,7.94,1,217
"Entire home/apt",236,3,47,2.29,1,301
"Entire home/apt",229,1,207,10.21,1,290
"Entire home/apt",80,1,41,1.99,113,326
"Entire home/apt",62,1,43,2.09,113,332
"Entire home/apt",159,1,23,1.11,113,346
"Entire home/apt",150,30,7,0.43,1,148
"Entire home/apt",418,3,54,2.6,1,6
"Entire home/apt",252,2,31,1.5,2,326
"Entire home/apt",157,2,83,5.46,1,296
"Entire home/apt",144,2,84,3.95,9,218
"Other",59,1,30,1.41,1,0
"Entire home/apt",325,4,55,2.61,3,229
"Entire home/apt",67,30,10,0.51,3,73
"Entire home/apt",97,2,74,3.64,3,176
"Entire home/apt",121,5,15,0.74,1,316
"Other",72,2,16,0.81,3,157
"Other",69,2,8,0.4,3,118
"Entire home/apt",120,28,10,0.65,2,288
"Entire home/apt",38,2,7,0.34,19,171
"Entire home/apt",90,2,32,2.21,1,175
"Entire home/apt",211,2,118,6.39,4,277
"Entire home/apt",114,2,170,8.08,2,2
"Entire home/apt",470,3,33,1.66,43,319
"Entire home/apt",225,2,67,3.25,3,261
"Entire home/apt",107,30,2,0.12,2,315
"Entire home/apt",71,1,59,2.85,3,331
"Entire home/apt",225,2,54,2.63,3,172
"Entire home/apt",62,1,16,0.79,113,339
"Entire home/apt",44,1,47,2.31,113,292
"Entire home/apt",195,1,47,2.28,113,344
"Entire home/apt",175,30,8,0.41,2,77
"Entire home/apt",185,2,39,2.12,1,329
"Entire home/apt",200,2,1,0.05,1,0
"Entire home/apt",71,1,106,5.55,7,257
"Entire home/apt",79,1,92,4.52,7,0
"Entire home/apt",135,2,4,0.2,1,180
"Entire home/apt",119,2,53,2.58,2,337
"Entire home/apt",169,2,40,1.94,1,58
"Other",121,1,6,0.29,2,0
"Entire home/apt",168,2,78,3.88,1,339
"Entire home/apt",78,2,40,2.14,1,0
"Entire home/apt",285,2,20,1.36,1,334
"Entire home/apt",109,14,12,0.59,1,0
"Other",72,2,84,4.34,3,129
"Entire home/apt",230,2,46,2.29,11,284
"Entire home/apt",62,1,38,1.91,113,347
"Entire home/apt",55,1,91,4.68,1,30
"Entire home/apt",376,2,10,0.5,2,365
"Entire home/apt",100,30,0,0,1,0
"Other",344,2,26,1.41,1,54
"Entire home/apt",220,29,0,0,1,236
"Entire home/apt",170,24,13,0.71,1,232
"Entire home/apt",183,2,23,1.14,1,199
"Entire home/apt",136,2,47,2.54,1,263
"Entire home/apt",257,3,44,2.73,1,295
"Entire home/apt",102,2,3,0.15,2,0
"Entire home/apt",295,3,35,1.78,1,57
"Entire home/apt",228,1,63,3.32,3,229
"Entire home/apt",155,2,90,4.64,1,179
"Entire home/apt",105,28,5,0.32,1,32
"Other",27,1,30,1.49,19,354
"Entire home/apt",120,1,49,2.66,2,163
"Entire home/apt",198,30,6,0.36,1,261
"Entire home/apt",262,3,61,3.41,7,114
"Entire home/apt",126,2,51,2.63,1,41
"Entire home/apt",122,2,64,3.3,1,170
"Entire home/apt",163,2,77,4.17,1,317
"Entire home/apt",294,2,97,5.21,3,128
"Other",56,3,7,0.36,1,346
"Entire home/apt",21,30,5,0.31,2,332
"Entire home/apt",120,2,27,1.39,1,345
"Entire home/apt",126,3,11,0.57,1,261
"Entire home/apt",453,150,5,0.34,3,12
"Entire home/apt",250,2,12,0.86,1,337
"Other",92,2,11,0.57,1,358
"Entire home/apt",111,45,27,1.44,1,223
"Entire home/apt",171,1,1,0.05,4,72
"Entire home/apt",55,1,50,2.61,1,0
"Entire home/apt",96,1,23,1.89,1,362
"Entire home/apt",359,3,9,0.46,43,352
"Entire home/apt",267,1,65,3.38,15,327
"Entire home/apt",230,2,43,2.2,43,363
"Entire home/apt",799,7,1,0.07,1,64
"Entire home/apt",633,3,36,1.9,2,282
"Entire home/apt",267,2,24,1.24,1,167
"Entire home/apt",300,3,18,0.94,1,165
"Entire home/apt",120,28,4,0.27,2,0
"Other",74,2,66,3.48,1,344
"Entire home/apt",58,2,38,2.01,1,78
"Entire home/apt",295,1,64,3.37,113,333
"Entire home/apt",415,1,37,1.9,5,300
"Entire home/apt",112,2,105,6.58,1,88
"Entire home/apt",129,2,87,4.72,2,48
"Entire home/apt",174,2,76,3.97,9,173
"Entire home/apt",119,1,127,6.55,4,288
"Entire home/apt",168,1,132,6.89,2,266
"Entire home/apt",163,90,4,0.24,3,120
"Entire home/apt",171,2,84,4.62,1,110
"Entire home/apt",136,2,21,1.28,1,105
"Entire home/apt",60,30,4,0.29,1,102
"Entire home/apt",347,3,6,0.32,1,111
"Entire home/apt",99,1,105,5.47,2,90
"Other",109,1,39,2.34,1,177
"Entire home/apt",534,30,0,0,1,125
"Entire home/apt",457,1,80,4.22,15,271
"Entire home/apt",127,24,8,0.48,4,79
"Entire home/apt",81,1,61,3.22,1,42
"Entire home/apt",144,1,115,6.14,2,321
"Entire home/apt",151,2,27,2.39,1,202
"Entire home/apt",65,2,23,1.23,5,291
"Entire home/apt",209,2,10,1.2,1,163
"Other",122,2,6,0.34,1,365
"Other",50,1,3,0.17,1,0
"Entire home/apt",115,2,46,3.33,2,351
"Entire home/apt",221,3,67,3.65,9,225
"Entire home/apt",60,30,5,0.3,2,126
"Entire home/apt",241,3,46,2.86,3,24
"Entire home/apt",132,2,42,3.21,1,42
"Entire home/apt",118,1,23,1.84,1,284
"Entire home/apt",224,30,47,2.57,2,134
"Other",75,1,0,0,1,0
"Entire home/apt",257,1,94,5.16,15,200
"Entire home/apt",125,3,30,1.67,1,286
"Entire home/apt",293,2,50,2.85,1,297
"Entire home/apt",145,30,0,0,1,0
"Entire home/apt",241,1,114,6.67,4,312
"Entire home/apt",335,3,49,2.68,1,315
"Entire home/apt",200,2,21,1.14,3,155
"Entire home/apt",199,1,89,5.13,15,274
"Entire home/apt",140,2,30,1.98,1,305
"Entire home/apt",199,2,7,0.59,1,107
"Other",50,2,42,2.35,3,226
"Entire home/apt",45,30,8,0.53,2,315
"Entire home/apt",104,1,74,4.17,1,50
"Entire home/apt",189,2,80,4.49,1,74
"Other",82,2,25,1.4,1,73
"Entire home/apt",306,1,114,6.77,4,284
"Entire home/apt",80,2,2,0.11,43,324
"Entire home/apt",569,1,22,1.56,51,268
"Entire home/apt",103,1,5,0.39,51,138
"Entire home/apt",135,2,28,1.56,2,305
"Entire home/apt",139,2,20,2.25,1,154
"Entire home/apt",100,28,5,0.36,5,232
"Entire home/apt",495,1,28,1.57,5,314
"Other",65,30,1,0.14,1,365
"Entire home/apt",529,2,46,2.57,1,245
"Entire home/apt",163,2,47,2.68,43,265
"Entire home/apt",141,2,78,5.29,1,284
"Entire home/apt",99,29,8,0.53,1,211
"Entire home/apt",73,30,3,0.19,2,290
"Entire home/apt",138,2,1,1,3,32
"Entire home/apt",92,30,3,0.32,2,336
"Entire home/apt",155,28,8,0.48,1,323
"Entire home/apt",100,30,5,0.31,1,193
"Entire home/apt",100,30,0,0,1,267
"Entire home/apt",65,1,20,1.34,1,90
"Entire home/apt",172,2,69,4.6,2,47
"Entire home/apt",195,30,4,0.28,1,187
"Entire home/apt",85,2,30,3.75,1,22
"Entire home/apt",62,1,26,1.49,3,228
"Entire home/apt",1129,4,6,0.43,3,247
"Entire home/apt",94,1,20,1.24,1,269
"Entire home/apt",232,2,11,0.69,1,310
"Entire home/apt",135,21,6,0.83,1,226
"Entire home/apt",114,1,57,3.94,1,64
"Entire home/apt",91,29,3,0.2,43,293
"Entire home/apt",182,1,96,6.17,1,338
"Entire home/apt",40,1,149,8.63,2,184
"Entire home/apt",163,1,0,0,2,160
"Entire home/apt",81,1,5,0.31,1,0
"Entire home/apt",257,3,37,2.29,1,243
"Entire home/apt",228,2,2,0.16,3,68
"Entire home/apt",59,1,3,0.54,1,305
"Entire home/apt",142,2,30,2.07,2,276
"Entire home/apt",182,2,1,0.08,3,68
"Entire home/apt",95,2,7,0.48,1,168
"Entire home/apt",125,2,46,2.73,1,326
"Entire home/apt",80,29,8,0.6,1,0
"Other",40,30,0,0,2,334
"Entire home/apt",75,1,61,3.26,1,186
"Other",70,2,24,1.44,1,260
"Entire home/apt",295,1,27,1.72,113,285
"Entire home/apt",204,2,61,3.73,1,158
"Entire home/apt",212,2,51,3.03,4,340
"Entire home/apt",113,2,66,3.98,1,333
"Entire home/apt",174,1,35,2.1,3,136
"Entire home/apt",78,30,6,0.37,1,279
"Entire home/apt",271,1,36,2.61,1,351
"Entire home/apt",295,1,42,2.72,113,335
"Entire home/apt",166,1,33,2.27,1,0
"Entire home/apt",175,1,3,0.31,51,275
"Entire home/apt",149,1,36,2.4,3,224
"Entire home/apt",99,30,0,0,4,56
"Entire home/apt",184,2,80,5.21,2,199
"Entire home/apt",297,2,20,0.38,11,365
"Entire home/apt",198,2,53,2.06,11,346
"Entire home/apt",246,2,21,0.77,11,358
"Entire home/apt",85,31,15,0.42,11,365
"Entire home/apt",226,2,33,1.31,11,336
"Entire home/apt",192,2,16,0.58,11,365
"Entire home/apt",124,2,65,1.2,34,357
"Entire home/apt",186,2,27,1.28,34,360
"Entire home/apt",232,2,68,1.32,34,307
"Entire home/apt",183,2,42,2.73,34,358
"Entire home/apt",165,2,100,1.9,34,357
"Entire home/apt",135,2,24,0.49,34,365
"Entire home/apt",391,3,43,2.67,2,240
"Entire home/apt",99,28,3,0.2,2,263
"Entire home/apt",336,2,15,0.59,11,354
"Entire home/apt",203,2,2,0.18,34,365
"Entire home/apt",90,2,6,0.41,34,365
"Entire home/apt",334,2,56,2.42,34,287
"Entire home/apt",614,2,11,0.9,34,365
"Entire home/apt",234,2,11,0.73,34,358
"Entire home/apt",650,7,14,0.5,34,365
"Entire home/apt",279,2,63,1.9,34,337
"Entire home/apt",166,2,13,0.93,34,365
"Entire home/apt",104,2,67,4.63,1,311
"Entire home/apt",172,1,22,1.33,2,9
"Entire home/apt",117,2,23,1.41,1,158
"Entire home/apt",165,1,7,0.53,3,90
"Entire home/apt",237,3,20,1.38,1,163
"Entire home/apt",75,2,47,3.09,1,348
"Entire home/apt",118,3,57,3.48,1,319
"Entire home/apt",175,26,4,0.44,1,209
"Entire home/apt",169,2,13,0.87,10,357
"Other",51,1,71,4.73,1,166
"Entire home/apt",145,3,3,0.25,1,352
"Entire home/apt",249,1,25,1.62,113,347
"Entire home/apt",129,2,46,2.98,2,236
"Other",35,1,7,0.57,19,176
"Entire home/apt",147,2,9,0.59,10,365
"Entire home/apt",420,2,26,1.71,2,285
"Entire home/apt",452,28,1,0.07,3,175
"Entire home/apt",337,2,29,2.21,1,326
"Entire home/apt",124,3,14,0.9,2,127
"Entire home/apt",125,1,15,1.07,34,325
"Entire home/apt",149,1,65,4.06,1,292
"Entire home/apt",238,3,53,3.44,1,223
"Entire home/apt",414,1,55,3.56,15,288
"Entire home/apt",130,1,69,4.56,1,334
"Entire home/apt",116,2,49,3.13,9,219
"Entire home/apt",157,2,29,1.82,1,349
"Entire home/apt",955,1,56,3.57,1,340
"Entire home/apt",195,2,31,1.97,1,0
"Entire home/apt",130,2,3,0.2,1,168
"Entire home/apt",89,2,47,3.23,1,310
"Entire home/apt",178,3,51,3.26,3,333
"Entire home/apt",271,1,12,1.01,51,324
"Entire home/apt",243,1,12,1.04,51,335
"Entire home/apt",227,1,7,0.64,51,340
"Entire home/apt",224,1,11,1.02,51,339
"Entire home/apt",298,1,12,1.31,51,311
"Entire home/apt",88,2,22,1.57,1,263
"Entire home/apt",209,4,36,2.52,3,331
"Entire home/apt",204,2,14,0.91,43,77
"Entire home/apt",100,30,1,0.08,1,254
"Entire home/apt",115,1,199,13.15,1,168
"Entire home/apt",188,3,27,1.85,1,165
"Entire home/apt",98,1,25,3.05,1,210
"Other",125,2,37,2.47,1,240
"Entire home/apt",392,3,16,1.21,1,168
"Entire home/apt",164,4,22,1.62,3,327
"Entire home/apt",126,1,36,2.33,1,171
"Entire home/apt",140,2,30,2.47,1,31
"Entire home/apt",198,2,61,4.15,1,281
"Entire home/apt",249,3,6,0.69,1,285
"Entire home/apt",181,2,12,0.9,10,343
"Entire home/apt",105,2,33,2.28,2,318
"Entire home/apt",176,3,23,1.57,2,56
"Entire home/apt",149,1,9,0.68,51,341
"Entire home/apt",99,3,5,0.42,1,261
"Entire home/apt",89,2,23,1.61,1,344
"Entire home/apt",121,2,38,2.81,1,355
"Entire home/apt",138,1,16,1.05,15,312
"Entire home/apt",99,2,34,2.51,1,336
"Entire home/apt",392,2,5,0.39,2,365
"Entire home/apt",91,1,106,7.18,1,0
"Entire home/apt",149,2,3,3,1,344
"Entire home/apt",262,2,12,0.86,10,361
"Entire home/apt",262,2,7,0.48,10,359
"Entire home/apt",263,2,20,1.36,10,357
"Entire home/apt",295,1,16,1.09,113,350
"Entire home/apt",136,2,20,1.36,1,350
"Entire home/apt",149,2,28,1.9,2,216
"Entire home/apt",244,2,35,2.63,1,241
"Entire home/apt",87,1,83,6.55,7,260
"Entire home/apt",86,1,72,4.88,7,352
"Entire home/apt",110,2,69,5.46,1,50
"Entire home/apt",159,3,79,5.82,1,144
"Entire home/apt",215,30,0,0,1,157
"Entire home/apt",125,3,30,2.16,1,303
"Entire home/apt",130,2,52,3.59,2,229
"Entire home/apt",155,2,24,1.71,1,293
"Entire home/apt",282,1,35,2.41,1,4
"Entire home/apt",98,2,46,3.17,1,160
"Entire home/apt",114,2,52,3.59,9,224
"Entire home/apt",450,2,27,2.03,1,292
"Entire home/apt",282,1,29,4.92,1,148
"Entire home/apt",825,2,2,0.16,1,365
"Entire home/apt",100,30,1,0.08,2,331
"Entire home/apt",105,2,49,3.68,1,124
"Entire home/apt",99,30,2,0.3,2,78
"Entire home/apt",124,2,15,1.07,1,100
"Entire home/apt",310,30,5,0.42,1,79
"Entire home/apt",85,1,40,2.9,1,27
"Entire home/apt",77,1,36,2.52,1,100
"Entire home/apt",205,3,14,1.09,1,131
"Entire home/apt",191,1,0,0,2,364
"Other",75,1,11,1.15,1,170
"Entire home/apt",398,1,18,1.27,34,260
"Entire home/apt",300,28,4,0.31,1,169
"Entire home/apt",172,2,45,3.27,4,146
"Entire home/apt",147,2,7,0.54,43,361
"Entire home/apt",120,2,29,2.14,1,163
"Entire home/apt",119,2,53,3.78,1,70
"Entire home/apt",139,2,54,4.12,1,118
"Other",47,7,3,0.23,1,145
"Entire home/apt",69,1,18,1.37,1,355
"Entire home/apt",139,2,15,1.12,3,354
"Entire home/apt",248,2,39,2.98,1,244
"Entire home/apt",200,1,34,2.51,2,0
"Entire home/apt",153,2,14,1.07,43,258
"Entire home/apt",179,2,31,2.33,1,75
"Entire home/apt",325,2,6,0.53,1,316
"Entire home/apt",112,2,14,1.03,9,228
"Entire home/apt",113,2,37,2.73,2,312
"Entire home/apt",169,3,21,1.75,43,326
"Entire home/apt",237,2,17,1.61,1,341
"Entire home/apt",117,2,79,5.79,2,268
"Entire home/apt",514,1,1,0.11,3,310
"Entire home/apt",125,2,18,1.37,1,321
"Entire home/apt",107,1,23,1.8,1,354
"Entire home/apt",180,30,1,0.1,1,0
"Entire home/apt",115,2,16,1.27,1,69
"Entire home/apt",100,3,6,0.63,1,212
"Entire home/apt",62,30,0,0,1,292
"Entire home/apt",175,2,42,3.29,1,155
"Entire home/apt",295,1,39,2.96,113,341
"Entire home/apt",107,2,42,3.32,1,280
"Entire home/apt",137,2,16,1.2,43,339
"Entire home/apt",729,3,13,1.14,2,131
"Entire home/apt",691,2,35,2.6,1,266
"Entire home/apt",801,1,13,1.37,51,283
"Entire home/apt",124,1,62,4.7,1,323
"Entire home/apt",101,3,2,0.2,1,263
"Entire home/apt",170,2,27,2.22,1,81
"Entire home/apt",190,1,27,2.06,113,328
"Entire home/apt",139,1,19,1.66,3,357
"Entire home/apt",90,1,13,0.99,2,125
"Entire home/apt",88,1,20,1.55,1,333
"Entire home/apt",129,2,72,5.68,1,161
"Entire home/apt",202,7,1,0.13,1,359
"Entire home/apt",259,2,21,1.64,1,77
"Entire home/apt",636,2,25,2.15,1,282
"Entire home/apt",786,1,44,3.42,2,262
"Entire home/apt",59,1,38,3.01,4,343
"Entire home/apt",59,1,35,2.8,4,355
"Entire home/apt",295,1,28,2.26,113,319
"Entire home/apt",89,2,9,0.74,3,0
"Other",84,1,70,5.85,1,129
"Other",64,28,0,0,1,179
"Entire home/apt",88,2,13,1.09,1,283
"Entire home/apt",172,1,25,1.99,113,326
"Entire home/apt",279,2,41,3.19,1,309
"Entire home/apt",193,4,5,0.39,1,171
"Entire home/apt",171,3,20,1.64,1,272
"Entire home/apt",162,1,120,9.4,2,242
"Entire home/apt",343,2,79,6.25,2,179
"Entire home/apt",368,2,5,0.45,3,143
"Entire home/apt",60,30,16,1.34,1,10
"Entire home/apt",165,2,16,2.2,1,275
"Entire home/apt",127,1,24,2.22,1,158
"Entire home/apt",234,2,72,5.61,3,148
"Entire home/apt",302,3,39,3.57,3,197
"Entire home/apt",109,1,26,2.06,34,222
"Entire home/apt",255,2,4,0.35,1,340
"Entire home/apt",182,2,3,0.32,1,336
"Entire home/apt",92,90,0,0,1,167
"Entire home/apt",397,1,16,1.37,51,333
"Entire home/apt",295,3,8,0.8,1,0
"Entire home/apt",234,3,59,4.61,9,197
"Entire home/apt",156,1,33,2.63,3,212
"Entire home/apt",100,2,34,2.69,2,331
"Entire home/apt",132,1,58,4.64,2,331
"Other",69,2,7,0.58,1,320
"Entire home/apt",146,1,39,3.62,1,84
"Entire home/apt",98,1,5,0.52,34,310
"Entire home/apt",295,1,50,4.11,113,339
"Entire home/apt",381,1,8,0.67,51,320
"Entire home/apt",110,2,31,2.77,2,331
"Entire home/apt",154,1,56,5.01,15,269
"Entire home/apt",84,1,125,10.87,9,148
"Entire home/apt",125,29,1,0.11,1,221
"Entire home/apt",95,2,11,1,1,364
"Entire home/apt",166,1,35,2.88,2,213
"Entire home/apt",137,2,6,0.5,10,365
"Entire home/apt",350,30,1,0.09,1,232
"Entire home/apt",104,1,9,0.74,1,209
"Entire home/apt",101,2,9,2.25,1,323
"Entire home/apt",137,2,32,2.63,1,252
"Entire home/apt",100,30,2,0.2,1,14
"Entire home/apt",91,3,20,1.73,43,341
"Entire home/apt",121,2,19,1.73,43,331
"Other",90,1,57,4.65,5,212
"Entire home/apt",159,1,42,4.79,1,0
"Entire home/apt",148,2,16,1.32,2,346
"Entire home/apt",109,2,122,10.05,4,365
"Entire home/apt",202,4,7,0.84,1,84
"Entire home/apt",102,2,62,5.21,1,153
"Entire home/apt",93,1,26,2.22,1,176
"Entire home/apt",146,2,14,1.27,1,333
"Entire home/apt",139,2,24,2.14,1,129
"Entire home/apt",295,2,0,0,1,354
"Entire home/apt",75,30,0,0,1,365
"Entire home/apt",279,6,10,0.94,1,137
"Other",94,2,0,0,2,89
"Entire home/apt",83,2,49,4.65,1,63
"Entire home/apt",392,1,18,2.26,2,280
"Entire home/apt",333,30,0,0,5,89
"Entire home/apt",97,2,31,2.7,1,286
"Entire home/apt",140,2,10,1.12,1,363
"Entire home/apt",82,1,49,4.19,2,145
"Entire home/apt",347,2,9,0.83,10,144
"Entire home/apt",119,1,31,2.7,1,78
"Entire home/apt",101,30,0,0,5,0
"Entire home/apt",250,30,0,0,1,365
"Entire home/apt",151,2,21,1.85,10,361
"Entire home/apt",288,1,4,0.45,1,307
"Entire home/apt",939,3,17,1.58,4,236
"Entire home/apt",150,1,34,3.09,1,332
"Entire home/apt",157,1,6,0.73,1,319
"Entire home/apt",93,1,62,5.3,4,333
"Entire home/apt",125,28,2,0.21,2,172
"Other",60,1,48,4.34,1,82
"Entire home/apt",122,2,3,0.27,14,75
"Entire home/apt",116,2,15,1.55,4,331
"Entire home/apt",99,2,8,0.83,3,356
"Entire home/apt",131,1,51,4.42,1,316
"Entire home/apt",175,1,33,2.94,2,0
"Other",119,1,15,1.33,5,213
"Entire home/apt",90,2,12,1.89,1,112
"Entire home/apt",271,2,25,3.07,1,147
"Entire home/apt",387,1,32,3.14,5,325
"Other",54,1,16,4,1,260
"Entire home/apt",168,2,12,1.18,1,0
"Other",999,1,1,0.1,1,90
"Entire home/apt",241,1,1,0.16,2,98
"Entire home/apt",175,2,0,0,1,365
"Entire home/apt",326,1,35,3.66,2,72
"Entire home/apt",336,1,17,1.78,2,74
"Entire home/apt",200,2,10,1.09,1,61
"Entire home/apt",120,2,68,6.62,1,155
"Entire home/apt",172,1,95,8.82,1,59
"Entire home/apt",129,2,21,1.97,1,335
"Entire home/apt",55,30,1,0.33,1,0
"Entire home/apt",254,2,12,1.22,34,365
"Entire home/apt",293,1,20,2.51,1,230
"Other",68,1,48,4.43,1,326
"Entire home/apt",165,2,7,0.73,1,350
"Entire home/apt",69,1,19,1.93,1,354
"Entire home/apt",112,2,35,3.49,1,130
"Entire home/apt",219,2,25,2.32,43,345
"Entire home/apt",500,3,6,0.76,2,86
"Entire home/apt",285,1,48,5.2,1,18
"Entire home/apt",413,3,13,1.68,1,293
"Entire home/apt",200,2,23,2.18,1,322
"Entire home/apt",357,1,26,2.58,1,156
"Other",80,1,24,2.85,1,78
"Entire home/apt",130,3,17,1.68,1,133
"Other",66,2,20,2.2,1,149
"Entire home/apt",89,3,8,0.78,3,0
"Entire home/apt",245,2,0,0,1,90
"Entire home/apt",524,2,18,2.16,1,84
"Entire home/apt",150,2,34,3.33,4,267
"Entire home/apt",100,2,49,5.1,1,0
"Entire home/apt",99,2,41,3.92,1,169
"Entire home/apt",86,2,13,1.73,1,165
"Entire home/apt",129,2,14,1.71,1,218
"Entire home/apt",207,2,0,0,5,8
"Entire home/apt",302,2,34,3.72,3,75
"Entire home/apt",125,30,2,0.29,5,303
"Entire home/apt",95,29,4,0.46,1,76
"Entire home/apt",109,2,67,6.53,1,41
"Entire home/apt",500,4,3,0.33,1,307
"Entire home/apt",139,1,30,3.2,1,153
"Other",105,1,41,4.27,1,324
"Entire home/apt",72,1,10,1.05,2,15
"Entire home/apt",147,2,35,3.66,9,268
"Entire home/apt",145,30,0,0,2,291
"Entire home/apt",124,2,1,0.1,1,0
"Entire home/apt",110,1,14,1.46,1,253
"Entire home/apt",153,1,30,3.13,1,312
"Entire home/apt",90,3,13,1.32,1,173
"Entire home/apt",85,1,34,3.46,1,340
"Entire home/apt",221,2,3,0.32,3,107
"Entire home/apt",212,2,13,1.32,4,156
"Entire home/apt",212,2,7,0.78,10,365
"Entire home/apt",211,1,19,2.01,8,301
"Entire home/apt",510,2,46,4.74,2,279
"Entire home/apt",69,1,35,3.54,4,342
"Entire home/apt",69,1,20,2.03,4,347
"Entire home/apt",69,1,40,4.08,4,338
"Entire home/apt",85,30,5,0.67,1,351
"Entire home/apt",218,2,51,5.58,3,142
"Entire home/apt",94,90,3,0.37,1,365
"Entire home/apt",118,2,35,3.56,1,302
"Entire home/apt",251,1,3,0.37,3,339
"Entire home/apt",155,1,6,0.65,3,342
"Entire home/apt",220,21,1,0.19,1,294
"Entire home/apt",101,1,17,1.81,1,284
"Entire home/apt",264,1,49,5.12,1,348
"Entire home/apt",80,1,77,8.02,9,364
"Entire home/apt",318,3,29,3.19,43,314
"Entire home/apt",372,2,24,2.51,4,319
"Entire home/apt",63,1,76,7.97,5,361
"Entire home/apt",106,1,47,4.85,5,74
"Entire home/apt",63,1,61,6.31,9,80
"Entire home/apt",80,1,1,0.15,34,76
"Entire home/apt",206,1,2,0.25,13,326
"Entire home/apt",745,3,6,0.91,6,220
"Entire home/apt",156,2,3,1.15,1,92
"Entire home/apt",295,1,46,4.78,1,217
"Entire home/apt",132,2,5,0.56,6,346
"Entire home/apt",196,2,20,2.26,6,344
"Entire home/apt",174,2,15,1.64,6,344
"Entire home/apt",100,1,66,7.5,1,100
"Entire home/apt",353,1,19,2.13,1,344
"Entire home/apt",350,3,6,1.13,3,223
"Other",75,30,15,1.74,1,212
"Entire home/apt",657,1,39,4.38,15,294
"Entire home/apt",409,2,33,3.71,1,132
"Entire home/apt",257,3,12,1.35,1,326
"Entire home/apt",157,30,8,1.43,2,267
"Entire home/apt",59,1,6,0.73,1,127
"Entire home/apt",200,2,6,0.69,1,0
"Entire home/apt",184,1,62,6.99,13,348
"Entire home/apt",241,1,4,0.43,13,340
"Entire home/apt",166,1,6,0.72,5,342
"Entire home/apt",92,1,6,0.76,3,160
"Entire home/apt",219,1,15,1.64,13,334
"Entire home/apt",134,30,3,0.38,3,353
"Other",50,30,0,0,3,257
"Entire home/apt",125,28,2,0.28,2,336
"Entire home/apt",212,2,17,2.07,1,310
"Entire home/apt",92,2,13,1.41,1,196
"Entire home/apt",168,2,9,1.01,3,136
"Entire home/apt",129,1,52,5.78,9,248
"Entire home/apt",268,1,5,0.56,13,347
"Entire home/apt",259,1,7,0.77,13,347
"Entire home/apt",126,1,37,4.17,9,265
"Entire home/apt",89,1,9,1.05,34,353
"Other",82,2,3,0.38,1,365
"Entire home/apt",93,1,19,2.19,1,349
"Entire home/apt",134,1,25,6.7,1,297
"Other",85,2,14,1.66,2,349
"Entire home/apt",115,30,2,1.09,1,203
"Entire home/apt",209,1,15,1.86,51,332
"Entire home/apt",100,1,0,0,1,168
"Other",75,2,9,1.05,1,332
"Entire home/apt",83,1,19,2.19,1,160
"Entire home/apt",111,28,2,0.26,1,0
"Entire home/apt",89,2,22,2.61,2,340
"Entire home/apt",89,1,106,12.18,1,158
"Entire home/apt",227,1,5,1.63,5,305
"Entire home/apt",251,1,6,1.89,5,296
"Entire home/apt",66,1,28,3.23,1,0
"Entire home/apt",373,1,7,0.88,10,302
"Entire home/apt",116,30,1,0.14,1,260
"Entire home/apt",111,2,13,1.49,43,332
"Entire home/apt",94,1,1,0.14,2,0
"Entire home/apt",125,2,0,0,1,352
"Entire home/apt",94,2,44,5.32,1,99
"Entire home/apt",222,1,16,1.9,13,346
"Entire home/apt",222,1,17,2.09,13,339
"Entire home/apt",104,1,40,4.72,1,198
"Entire home/apt",189,2,12,1.42,4,19
"Entire home/apt",50,30,0,0,6,0
"Entire home/apt",168,2,0,0,2,170
"Entire home/apt",185,17,4,0.61,1,229
"Entire home/apt",160,28,3,0.45,1,289
"Entire home/apt",207,2,37,5.44,2,258
"Entire home/apt",250,3,2,0.25,1,321
"Entire home/apt",91,1,48,6,1,79
"Entire home/apt",173,30,1,0.38,43,300
"Entire home/apt",128,2,30,3.72,1,311
"Entire home/apt",110,1,75,8.89,2,330
"Entire home/apt",161,2,1,0.12,1,89
"Entire home/apt",111,1,69,8.66,1,321
"Entire home/apt",166,1,26,3.24,1,340
"Other",110,30,2,0.25,1,32
"Entire home/apt",114,1,16,2.34,3,332
"Other",1244,1,7,0.93,6,254
"Entire home/apt",379,28,1,0.16,9,63
"Other",111,2,3,0.43,1,56
"Entire home/apt",295,1,12,1.65,113,346
"Entire home/apt",225,2,7,3.28,1,313
"Entire home/apt",105,1,26,6.5,1,211
"Entire home/apt",300,4,2,0.34,1,7
"Entire home/apt",250,3,2,0.95,1,252
"Entire home/apt",67,1,62,9.84,1,139
"Entire home/apt",299,30,0,0,2,359
"Other",70,1,19,2.52,1,160
"Entire home/apt",120,30,1,0.37,2,165
"Entire home/apt",639,1,20,2.65,1,318
"Entire home/apt",47,30,4,0.52,6,16
"Entire home/apt",348,2,3,0.44,2,315
"Other",95,1,1,0.13,2,327
"Entire home/apt",253,2,8,1.4,43,338
"Entire home/apt",95,3,2,0.28,2,358
"Entire home/apt",106,2,6,1.07,43,318
"Entire home/apt",149,2,1,0.18,1,71
"Entire home/apt",188,30,3,0.66,1,175
"Entire home/apt",151,2,22,4.29,1,104
"Entire home/apt",162,2,29,3.99,1,334
"Entire home/apt",244,2,35,4.67,1,321
"Other",57,2,22,2.92,1,318
"Entire home/apt",212,2,4,0.57,34,365
"Entire home/apt",285,1,0,0,1,365
"Entire home/apt",117,1,6,1.51,1,304
"Entire home/apt",209,2,11,1.51,1,333
"Entire home/apt",99,2,22,3.22,1,342
"Entire home/apt",313,2,15,2.92,4,174
"Entire home/apt",86,1,20,3.49,1,52
"Entire home/apt",90,28,2,0.27,2,352
"Entire home/apt",153,28,0,0,1,290
"Other",51,1,25,3.54,2,39
"Entire home/apt",143,2,39,5.39,2,37
"Entire home/apt",359,3,15,2.37,2,41
"Entire home/apt",590,3,7,2.69,1,315
"Entire home/apt",299,2,15,2.21,2,324
"Entire home/apt",424,30,3,0.5,3,222
"Entire home/apt",85,28,0,0,5,259
"Entire home/apt",176,3,4,0.69,1,1
"Entire home/apt",111,3,0,0,1,0
"Entire home/apt",96,2,6,0.9,43,0
"Entire home/apt",276,2,0,0,2,183
"Entire home/apt",150,2,9,1.43,1,359
"Entire home/apt",170,2,25,3.69,2,311
"Entire home/apt",433,2,21,3.21,10,346
"Entire home/apt",334,2,7,1.28,34,347
"Entire home/apt",88,1,37,5.44,1,330
"Entire home/apt",119,2,1,0.15,1,168
"Entire home/apt",340,1,27,3.97,7,255
"Entire home/apt",517,2,5,0.74,4,290
"Entire home/apt",93,30,0,0,43,183
"Other",79,1,0,0,4,0
"Entire home/apt",85,30,1,0.22,1,0
"Entire home/apt",160,2,11,1.81,1,183
"Entire home/apt",175,2,1,0.18,1,230
"Entire home/apt",509,3,0,0,6,293
"Entire home/apt",165,2,0,0,6,294
"Entire home/apt",534,1,5,1.95,34,344
"Entire home/apt",93,1,49,7.62,1,335
"Entire home/apt",88,1,27,4.43,1,25
"Entire home/apt",100,2,7,3.62,1,321
"Entire home/apt",110,30,0,0,1,352
"Entire home/apt",89,28,0,0,14,62
"Entire home/apt",221,2,4,1.21,1,5
"Entire home/apt",153,2,1,1,1,26
"Entire home/apt",469,1,22,4.46,1,94
"Entire home/apt",233,3,9,2.93,1,172
"Entire home/apt",500,2,0,0,3,0
"Other",69,2,0,0,3,348
"Entire home/apt",1700,3,0,0,2,337
"Entire home/apt",229,2,25,5.21,1,277
"Entire home/apt",119,5,2,0.35,1,187
"Entire home/apt",64,1,9,1.5,6,117
"Entire home/apt",88,2,10,1.79,1,331
"Entire home/apt",204,2,21,3.73,1,338
"Entire home/apt",254,2,29,5.92,1,109
"Other",83,1,12,3.16,1,82
"Entire home/apt",736,1,10,1.8,10,315
"Entire home/apt",125,2,0,0,3,352
"Entire home/apt",201,2,6,2.34,6,319
"Entire home/apt",90,30,0,0,1,259
"Entire home/apt",96,2,10,2.5,43,343
"Entire home/apt",180,1,3,0.98,4,334
"Entire home/apt",92,2,9,1.74,43,288
"Entire home/apt",152,2,4,0.77,43,324
"Other",34,30,0,0,1,364
"Entire home/apt",349,1,23,4.66,15,296
"Entire home/apt",146,2,28,5.42,1,107
"Entire home/apt",144,3,1,0.19,1,312
"Entire home/apt",299,2,10,2.5,10,309
"Entire home/apt",149,2,7,1.75,1,78
"Entire home/apt",96,2,0,0,14,0
"Entire home/apt",232,2,2,0.8,14,58
"Entire home/apt",140,2,1,0.42,2,180
"Entire home/apt",110,30,0,0,1,321
"Entire home/apt",404,2,3,0.76,1,362
"Other",47,1,0,0,3,316
"Entire home/apt",86,2,4,1.56,1,158
"Entire home/apt",86,2,12,3,1,156
"Entire home/apt",298,3,6,1.98,1,314
"Entire home/apt",99,1,26,5.53,2,338
"Entire home/apt",87,1,21,3.89,1,65
"Entire home/apt",75,30,0,0,1,129
"Entire home/apt",752,30,0,0,3,283
"Entire home/apt",150,1,0,0,34,239
"Entire home/apt",124,1,0,0,1,365
"Entire home/apt",153,2,7,1.65,5,357
"Entire home/apt",87,1,17,8.95,1,284
"Entire home/apt",122,1,11,2.13,6,157
"Entire home/apt",1646,30,0,0,2,321
"Entire home/apt",80,30,0,0,1,329
"Entire home/apt",116,1,17,3.29,1,279
"Entire home/apt",65,2,13,2.79,3,332
"Entire home/apt",90,1,13,3.07,1,336
"Entire home/apt",239,1,31,6,4,156
"Entire home/apt",143,3,15,5.77,1,143
"Entire home/apt",83,1,7,1.42,34,0
"Entire home/apt",135,4,4,0.94,1,325
"Entire home/apt",260,1,0,0,13,328
"Entire home/apt",167,30,0,0,1,140
"Entire home/apt",549,2,8,1.9,1,285
"Entire home/apt",90,30,0,0,1,136
"Entire home/apt",425,3,2,0.71,1,276
"Entire home/apt",114,1,4,1.03,34,347
"Entire home/apt",105,14,0,0,1,91
"Entire home/apt",113,2,10,3.23,1,0
"Entire home/apt",96,30,0,0,5,279
"Entire home/apt",75,2,2,0.85,43,0
"Entire home/apt",180,3,0,0,1,9
"Other",238,1,1,0.32,7,280
"Entire home/apt",178,2,1,0.83,1,150
"Entire home/apt",160,2,30,7.09,1,265
"Entire home/apt",78,60,9,3.6,2,15
"Entire home/apt",239,3,1,0.35,1,327
"Entire home/apt",140,1,32,8,1,312
"Entire home/apt",45,1,1,0.37,5,313
"Other",65,2,0,0,1,109
"Entire home/apt",139,1,0,0,1,68
"Entire home/apt",250,2,4,1.28,4,347
"Entire home/apt",93,2,6,1.42,34,365
"Entire home/apt",197,30,0,0,4,46
"Entire home/apt",196,1,6,2.54,1,273
"Entire home/apt",124,2,1,0.23,5,0
"Entire home/apt",100,1,2,1.62,2,0
"Entire home/apt",260,3,20,5.04,1,274
"Entire home/apt",574,2,12,3.16,2,148
"Entire home/apt",210,1,19,4.83,9,50
"Entire home/apt",213,1,2,0.91,3,154
"Entire home/apt",117,3,0,0,3,0
"Entire home/apt",99,1,11,3.55,1,57
"Entire home/apt",87,2,23,6.97,1,271
"Other",278,1,0,0,7,292
"Other",256,1,0,0,7,286
"Entire home/apt",163,3,3,0.97,3,339
"Entire home/apt",198,30,0,0,2,287
"Other",40,90,0,0,1,317
"Entire home/apt",117,2,4,1,1,265
"Entire home/apt",126,2,9,2.55,1,345
"Entire home/apt",181,1,26,6.45,1,69
"Entire home/apt",106,30,0,0,43,0
"Entire home/apt",107,29,0,0,1,31
"Entire home/apt",108,2,11,5.16,2,64
"Entire home/apt",99,2,2,1.4,2,181
"Entire home/apt",139,1,8,2,3,358
"Entire home/apt",110,1,6,3.4,4,5
"Other",256,1,0,0,7,296
"Other",256,1,0,0,7,328
"Other",278,1,0,0,7,322
"Entire home/apt",81,1,14,4.2,2,339
"Other",75,1,0,0,1,85
"Entire home/apt",104,2,18,5,1,324
"Entire home/apt",115,2,2,1.4,1,315
"Entire home/apt",131,2,5,2.05,34,365
"Entire home/apt",87,28,1,0.59,14,15
"Entire home/apt",87,28,0,0,14,49
"Entire home/apt",220,1,3,0.98,13,328
"Entire home/apt",173,1,1,1,8,340
"Entire home/apt",163,1,1,1,8,354
"Entire home/apt",213,2,5,2.68,34,362
"Entire home/apt",171,2,5,1.63,34,365
"Entire home/apt",329,2,7,2.28,4,304
"Other",92,2,5,1.55,3,77
"Entire home/apt",205,2,4,1.41,1,346
"Entire home/apt",139,2,4,1.54,2,364
"Entire home/apt",328,2,7,2.28,2,253
"Entire home/apt",243,2,1,0.75,1,250
"Entire home/apt",298,1,2,2,34,323
"Entire home/apt",243,2,13,4.24,1,320
"Entire home/apt",126,30,0,0,1,165
"Entire home/apt",48,1,16,4.85,1,100
"Other",93,1,19,5.43,1,60
"Entire home/apt",104,2,4,1.45,4,307
"Entire home/apt",290,2,8,3.08,1,300
"Entire home/apt",120,2,7,3.23,1,257
"Entire home/apt",270,10,0,0,1,358
"Entire home/apt",116,2,6,1.88,4,353
"Entire home/apt",79,1,12,4.24,6,0
"Other",49,3,8,2.67,1,49
"Entire home/apt",200,2,2,0.73,11,340
"Entire home/apt",313,1,3,1.06,13,318
"Entire home/apt",138,4,0,0,1,6
"Entire home/apt",77,30,1,1,1,179
"Other",61,1,10,5.45,1,54
"Entire home/apt",235,3,4,3.43,1,315
"Entire home/apt",89,30,1,0.32,4,327
"Entire home/apt",184,3,3,1.58,4,347
"Entire home/apt",20,1,0,0,19,45
"Entire home/apt",109,2,10,3.85,1,134
"Entire home/apt",198,1,4,1.56,34,325
"Entire home/apt",73,30,0,0,3,302
"Entire home/apt",87,2,8,3.38,1,345
"Entire home/apt",100,30,0,0,1,275
"Entire home/apt",100,1,0,0,5,136
"Entire home/apt",89,1,3,1.53,34,346
"Entire home/apt",136,2,8,3.04,1,187
"Other",54,2,4,2.14,1,334
"Entire home/apt",177,2,0,0,4,110
"Entire home/apt",130,2,2,1.05,1,46
"Entire home/apt",97,1,0,0,14,12
"Entire home/apt",79,1,4,1.9,1,348
"Entire home/apt",160,2,5,3.57,1,333
"Entire home/apt",404,1,1,1,51,353
"Entire home/apt",89,2,9,3.8,3,81
"Entire home/apt",201,2,8,3.75,1,130
"Other",100,1,0,0,1,364
"Entire home/apt",90,1,21,8.08,9,184
"Entire home/apt",66,2,2,2,1,279
"Entire home/apt",299,2,4,1.71,2,326
"Entire home/apt",172,1,1,0.67,113,311
"Entire home/apt",102,2,3,1.7,34,365
"Entire home/apt",101,1,1,1,14,21
"Entire home/apt",207,2,0,0,34,365
"Entire home/apt",110,2,3,1.18,34,364
"Entire home/apt",176,1,0,0,51,365
"Entire home/apt",78,1,21,8.08,9,191
"Entire home/apt",125,2,0,0,9,6
"Entire home/apt",123,1,6,6,1,224
"Entire home/apt",125,7,4,4,1,252
"Entire home/apt",239,2,6,2.86,4,276
"Entire home/apt",73,1,19,7.31,9,185
"Entire home/apt",288,3,10,6.25,1,308
"Entire home/apt",120,30,0,0,2,14
"Entire home/apt",125,30,0,0,1,252
"Entire home/apt",466,2,5,2.46,1,274
"Entire home/apt",118,2,5,2.34,1,255
"Entire home/apt",105,1,4,2.73,6,135
"Entire home/apt",99,7,3,1.38,1,282
"Entire home/apt",159,1,0,0,14,74
"Entire home/apt",65,1,17,7.85,1,164
"Entire home/apt",642,2,2,2,2,240
"Entire home/apt",1000,2,0,0,1,43
"Entire home/apt",125,1,7,3.68,1,147
"Other",49,1,8,3.69,1,60
"Entire home/apt",78,1,10,4.69,4,312
"Entire home/apt",97,2,8,3.75,1,143
"Entire home/apt",752,1,4,2.4,1,311
"Entire home/apt",126,29,0,0,1,219
"Entire home/apt",205,30,0,0,4,88
"Entire home/apt",123,1,0,0,8,347
"Entire home/apt",100,1,0,0,1,331
"Entire home/apt",129,1,7,3.62,5,363
"Entire home/apt",760,1,1,0.7,1,299
"Entire home/apt",90,2,1,1,1,176
"Entire home/apt",161,2,7,6.18,1,335
"Other",30,20,1,1,1,321
"Entire home/apt",147,2,3,3,1,347
"Entire home/apt",120,1,2,2,1,172
"Entire home/apt",104,2,5,4.41,1,296
"Entire home/apt",72,30,0,0,1,47
"Entire home/apt",128,1,4,2.26,3,9
"Entire home/apt",107,2,5,3.49,1,316
"Entire home/apt",104,2,2,1.15,1,310
"Entire home/apt",102,2,6,4.19,1,55
"Entire home/apt",195,2,4,4,1,300
"Other",130,1,0,0,4,0
"Entire home/apt",734,1,1,1,34,256
"Entire home/apt",129,1,0,0,34,310
"Entire home/apt",198,1,0,0,34,159
"Entire home/apt",160,1,0,0,34,306
"Other",72,1,2,1.43,1,365
"Entire home/apt",150,7,0,0,1,0
"Entire home/apt",87,1,3,1.76,6,103
"Entire home/apt",118,1,0,0,34,282
"Entire home/apt",224,2,5,2.78,3,229
"Entire home/apt",295,2,0,0,1,321
"Entire home/apt",157,2,4,4,1,307
"Entire home/apt",95,1,3,2.37,6,106
"Entire home/apt",165,1,4,4,1,257
"Entire home/apt",149,1,2,1.4,34,342
"Entire home/apt",93,1,6,4.19,1,132
"Entire home/apt",159,1,8,4.8,1,339
"Entire home/apt",67,1,10,6.98,1,137
"Entire home/apt",166,1,1,1,4,335
"Other",62,1,0,0,3,0
"Entire home/apt",144,1,3,2.09,2,10
"Entire home/apt",126,3,0,0,1,95
"Entire home/apt",104,2,8,6.15,1,294
"Entire home/apt",91,2,0,0,3,2
"Entire home/apt",194,2,0,0,2,347
"Entire home/apt",141,2,2,2,1,361
"Entire home/apt",214,1,0,0,34,323
"Other",55,1,0,0,1,2
"Entire home/apt",150,2,0,0,43,364
"Entire home/apt",179,2,2,2,1,330
"Entire home/apt",75,2,0,0,43,351
"Entire home/apt",168,3,1,1,4,351
"Entire home/apt",163,3,2,2,4,358
"Other",63,30,0,0,1,335
"Entire home/apt",120,2,0,0,1,70
"Other",57,2,1,1,1,62
"Other",82,3,1,1,1,352
"Entire home/apt",142,1,0,0,1,354
"Entire home/apt",128,30,0,0,2,261
"Entire home/apt",199,1,0,0,4,0
"Entire home/apt",180,1,4,4,1,291
"Entire home/apt",120,30,0,0,2,290
"Entire home/apt",99,1,3,3,1,363
"Entire home/apt",97,1,6,5.62,1,218
"Entire home/apt",70,7,0,0,2,14
"Entire home/apt",76,2,2,2,1,344
"Entire home/apt",75,30,0,0,1,159
"Entire home/apt",254,2,2,2,4,352
"Entire home/apt",150,1,0,0,6,340
"Entire home/apt",91,1,2,2,1,347
"Entire home/apt",60,2,0,0,2,70
"Entire home/apt",183,2,0,0,1,138
"Entire home/apt",130,2,0,0,43,335
"Entire home/apt",206,3,0,0,1,264
"Entire home/apt",350,2,1,1,3,364
"Entire home/apt",196,1,1,1,3,364
"Entire home/apt",146,2,0,0,34,363
"Entire home/apt",655,2,3,3,2,236
"Entire home/apt",111,2,3,3,1,317
"Entire home/apt",358,2,1,1,2,178
"Entire home/apt",153,1,0,0,3,364
"Other",80,1,1,1,1,46
"Entire home/apt",195,2,0,0,1,7
"Entire home/apt",116,2,2,2,9,347
"Entire home/apt",91,2,1,1,1,163
"Entire home/apt",188,1,0,0,14,74
"Entire home/apt",150,1,0,0,6,345
"Entire home/apt",150,1,0,0,6,330
"Entire home/apt",150,1,0,0,6,343
"Entire home/apt",220,2,0,0,1,346
"Entire home/apt",200,1,2,2,1,325
"Entire home/apt",84,30,0,0,2,260
"Entire home/apt",76,28,0,0,1,165
"Entire home/apt",101,2,0,0,1,58
"Entire home/apt",98,1,0,0,2,20
"Entire home/apt",116,2,1,1,43,349
"Entire home/apt",92,4,0,0,1,65
"Entire home/apt",239,1,0,0,1,346
"Entire home/apt",281,1,0,0,51,331
"Entire home/apt",187,3,0,0,2,153
"Entire home/apt",293,1,5,5,13,329
"Entire home/apt",122,30,0,0,34,365
"Entire home/apt",854,2,0,0,1,335
"Entire home/apt",111,1,0,0,10,335
"Entire home/apt",101,1,1,1,10,354
"Entire home/apt",101,1,0,0,10,341
"Entire home/apt",104,1,1,1,10,352
"Entire home/apt",101,1,1,1,10,357
"Entire home/apt",104,1,1,1,10,348
"Entire home/apt",104,1,0,0,10,340
"Entire home/apt",104,1,1,1,10,314
"Entire home/apt",219,2,0,0,1,257
"Entire home/apt",160,30,0,0,1,126
"Entire home/apt",290,1,0,0,1,240
"Entire home/apt",173,1,0,0,3,341
"Entire home/apt",146,1,0,0,1,352
"Entire home/apt",168,2,0,0,34,361
"Entire home/apt",145,21,0,0,1,37
"Entire home/apt",142,2,0,0,43,291
"Entire home/apt",999,1,0,0,2,9
"Entire home/apt",999,1,0,0,2,9
"Other",65,1,0,0,1,361
"Entire home/apt",150,2,0,0,1,126
"Entire home/apt",131,2,0,0,34,365
"Other",91,1,0,0,1,365
"Entire home/apt",121,2,0,0,1,326
"Other",135,1,0,0,2,350
"Entire home/apt",399,3,0,0,3,311
"Entire home/apt",75,2,0,0,1,360
"Entire home/apt",129,2,0,0,1,353
"Entire home/apt",77,1,0,0,1,122
"Other",82,1,0,0,1,172
"Entire home/apt",166,3,0,0,1,112
